application_id,application_date,channel,region,employment_type,employment_tenure_months,monthly_income,requested_amount,term_months,existing_debt,monthly_debt_payment,debt_to_income,credit_history_months,delinquencies_12m,delinquencies_36m,revolving_utilization,inquiries_6m,open_accounts,bureau_score,savings_balance,current_account_balance,housing_status,purpose,prior_customer_months,income_verified,gender,age_band,default_12m
APP-0001972,2022-01-01,Mobile,Aegean,Self-employed,119,97454.47,20554.24,48,258723.83,9371.92,0.10056,246,0,1,0.22605,0,11,706,55062.94,73336.95,Rent,Home improvement,59,Verified,Female,40-49,0
APP-0003397,2022-01-01,Mobile,Marmara,Public sector,46,54319.36,69533.63,24,156198.61,5561.95,0.15573,195,0,0,0.74311,1,3,672,6813.74,15277.28,Owner,Medical,118,Verified,Male,40-49,0
APP-0003687,2022-01-01,Mobile,Central Anatolia,Salaried,20,31465.06,120371.55,12,38627.8,11455.48,0.68287,58,1,1,0.26566,0,6,744,23180.3,7942.96,Mortgage,Medical,119,Verified,Male,21-29,1
APP-0004101,2022-01-01,Branch,Marmara,Salaried,62,55302.82,34107.83,60,132866.36,6152.19,0.12152,379,0,0,0.56152,1,9,686,27999.44,42948.25,Owner,Debt consolidation,70,Verified,Male,50-59,0
APP-0004194,2022-01-01,Partner,Marmara,Salaried,71,30227.66,11799.65,18,94006.14,12034.68,0.41982,188,1,1,0.22703,1,8,691,97158.76,20117.25,Mortgage,Education,34,Verified,Female,50-59,0
APP-0004438,2022-01-01,Branch,Marmara,Self-employed,57,44458.49,36475.66,60,236516.29,5817.37,0.14452,30,0,0,0.7003,0,3,682,4274.46,26820.9,Rent,Debt consolidation,24,Verified,Female,21-29,0
APP-0005860,2022-01-01,Web,Marmara,Salaried,65,14132.99,10000.0,36,5371.24,2804.41,0.21808,210,0,0,0.13583,0,4,711,9865.77,9180.98,Rent,Debt consolidation,17,Verified,Female,30-39,0
APP-0007639,2022-01-01,Branch,Black Sea,Self-employed,60,38448.25,10000.0,48,136643.73,5097.34,0.138,203,1,1,0.17264,5,8,709,11335.63,11705.3,Rent,Home improvement,41,Verified,Male,30-39,1
APP-0011964,2022-01-01,Mobile,Central Anatolia,Public sector,99,37790.88,11538.18,24,84812.91,5716.85,0.164,272,1,1,0.17079,0,4,748,97399.9,5462.38,Rent,Home improvement,12,Verified,Female,50-59,0
APP-0012310,2022-01-01,Branch,Central Anatolia,Salaried,113,125893.75,199883.47,24,869697.68,32069.96,0.32089,170,0,1,0.56559,4,7,629,82371.25,27502.76,Rent,Vehicle,54,Verified,Male,30-39,0
APP-0012664,2022-01-01,Mobile,Aegean,Public sector,64,63542.98,32439.18,36,35971.88,25824.41,0.42059,351,1,1,0.17648,1,9,656,100253.37,56428.0,Rent,Other,22,Verified,Female,60-74,0
APP-0012919,2022-01-01,Branch,Marmara,Public sector,122,29448.52,36733.29,36,66872.01,9808.59,0.36773,167,0,0,0.22334,2,6,699,16831.77,4010.43,Rent,Home improvement,21,Verified,Female,30-39,0
APP-0013426,2022-01-01,Web,Central Anatolia,Salaried,3,39760.93,35446.89,48,53025.2,16922.84,0.44419,80,0,0,0.25558,1,2,702,137720.3,12170.36,Owner,Home improvement,29,Verified,Female,21-29,0
APP-0018046,2022-01-01,Mobile,Black Sea,Salaried,47,40309.3,54351.37,36,69384.73,3195.19,0.11672,107,0,0,0.05638,0,4,741,12865.03,6680.51,Rent,Vehicle,85,Verified,Female,40-49,0
APP-0022875,2022-01-01,Web,Aegean,Salaried,120,48211.93,72063.47,60,60388.87,23983.92,0.52238,113,1,1,0.67418,2,6,649,72068.73,22005.04,Rent,Other,45,Verified,Female,30-39,0
APP-0024283,2022-01-01,Web,Marmara,Salaried,110,34031.69,44253.36,60,21722.9,766.54,0.0442,97,0,0,0.17111,0,9,742,15285.77,60367.68,Owner,Vehicle,39,Verified,Male,21-29,0
APP-0025960,2022-01-01,Branch,Central Anatolia,Self-employed,102,76048.83,57980.9,60,115892.05,10974.38,0.15701,373,1,2,0.76037,0,6,643,8720.77,30741.15,Rent,Debt consolidation,6,Verified,Female,50-59,0
APP-0026358,2022-01-01,Web,Mediterranean,Salaried,78,30530.23,29595.27,24,23800.88,1792.22,0.09909,260,0,0,0.0294,0,6,729,22436.67,12959.9,Mortgage,Vehicle,25,Verified,Female,40-49,0
APP-0027236,2022-01-01,Mobile,Aegean,Public sector,33,12000.0,44213.82,60,17937.53,3111.34,0.32069,133,0,2,0.3549,2,5,589,3614.49,7068.13,Mortgage,Home improvement,18,Verified,Male,40-49,0
APP-0027403,2022-01-01,Branch,Central Anatolia,Public sector,72,50696.78,44718.26,36,109010.37,2744.68,0.07864,150,0,0,0.28151,3,8,714,275182.96,1319.04,Owner,Other,76,Verified,Male,30-39,0
APP-0028944,2022-01-01,Web,Central Anatolia,Self-employed,141,19482.04,16659.64,18,16046.73,10466.81,0.58476,202,3,4,0.52115,4,3,604,2900.09,23006.47,Mortgage,Home improvement,59,Verified,Female,40-49,0
APP-0029725,2022-01-01,Mobile,Marmara,Public sector,66,52111.93,67104.13,12,227478.32,10228.21,0.30358,344,1,1,0.49062,2,9,676,58623.93,7062.53,Mortgage,Medical,20,Verified,Female,50-59,1
APP-0029783,2022-01-01,Partner,Black Sea,Contract,72,34620.68,65660.28,24,63482.83,13812.56,0.47799,256,0,0,0.23318,0,7,727,16299.88,34215.43,Mortgage,Vehicle,10,Verified,Male,40-49,0
APP-0030261,2022-01-01,Mobile,Aegean,Public sector,32,37432.51,35936.98,48,141608.83,19768.41,0.54811,87,1,1,0.28304,3,5,686,6281.77,9618.17,Owner,Education,11,Verified,Female,30-39,0
APP-0034440,2022-01-01,Partner,Central Anatolia,Salaried,122,46866.61,13015.84,12,18800.81,9974.3,0.23597,213,0,1,0.13652,0,2,757,76581.99,85481.06,Rent,Home improvement,68,Verified,Male,40-49,0
APP-0036132,2022-01-01,Mobile,Marmara,Salaried,80,57811.29,41640.67,48,201061.55,3274.47,0.07165,159,0,0,0.24048,1,6,676,31708.02,22643.7,Mortgage,Debt consolidation,7,Verified,Male,30-39,0
APP-0036784,2022-01-01,Branch,Marmara,Salaried,74,32618.65,13843.92,36,9251.72,5300.75,0.1743,219,1,1,0.51406,1,5,715,28966.62,62449.13,Family,Debt consolidation,42,Verified,Male,60-74,0
APP-0037171,2022-01-01,Branch,Black Sea,Salaried,23,54051.77,50270.51,36,44986.8,17744.68,0.35413,232,1,1,0.14277,0,3,667,5822.46,49307.05,Rent,Debt consolidation,84,Unverified,Female,40-49,0
APP-0039373,2022-01-01,Branch,Black Sea,Self-employed,68,42687.4,186553.56,60,80860.61,11214.68,0.33555,248,1,2,0.29972,0,10,692,23031.29,9543.92,Owner,Other,67,Verified,Female,40-49,0
APP-0040047,2022-01-01,Web,Central Anatolia,Salaried,46,37610.78,21040.68,48,48199.6,6794.27,0.1923,69,0,0,0.48403,2,5,643,35013.97,4674.81,Mortgage,Home improvement,39,Verified,Male,30-39,0
APP-0040279,2022-01-01,Web,Aegean,Salaried,175,131339.85,98954.66,12,404480.4,29632.15,0.2884,331,0,1,0.88746,2,7,589,110004.36,65223.14,Owner,Other,13,Unverified,Female,40-49,0
APP-0040897,2022-01-01,Web,Black Sea,Self-employed,75,29496.58,70162.74,36,160089.8,6113.55,0.27334,369,0,0,0.50767,0,3,695,41367.87,7719.81,Owner,Education,102,Verified,Male,50-59,0
APP-0041590,2022-01-01,Partner,Marmara,Public sector,41,12000.0,14780.57,60,66701.04,2610.96,0.23811,223,2,3,0.34801,0,4,666,22721.6,2419.34,Mortgage,Home improvement,48,Verified,Male,40-49,1
APP-0045548,2022-01-01,Mobile,Mediterranean,Salaried,97,42340.18,70389.47,12,161509.85,3637.31,0.22445,138,0,0,0.43313,0,3,698,7728.2,1468.6,Mortgage,Vehicle,53,Verified,Female,30-39,0
APP-0047040,2022-01-01,Web,Mediterranean,Public sector,159,12000.0,20790.87,36,47054.88,4803.49,0.44842,66,1,1,0.37016,3,6,667,10595.34,1649.22,Owner,Debt consolidation,51,Unverified,Female,21-29,0
APP-0047431,2022-01-01,Web,Black Sea,Retired,18,21663.77,18574.04,24,71879.42,118.55,0.0412,20,0,0,0.16192,1,5,665,4327.44,9056.24,Rent,Vehicle,18,Verified,Male,21-29,0
APP-0047935,2022-01-01,Web,Marmara,Salaried,52,45728.18,46713.83,48,168621.4,5289.03,0.13694,205,1,2,0.32897,1,6,654,7364.54,14645.24,Owner,Debt consolidation,58,Verified,Male,30-39,0
APP-0000392,2022-01-02,Branch,Central Anatolia,Salaried,65,53499.12,45817.88,60,252270.56,8145.67,0.16653,187,0,0,0.02258,0,4,767,20070.73,21786.47,Owner,Vehicle,34,Verified,Male,30-39,0
APP-0001317,2022-01-02,Web,Mediterranean,Salaried,216,19341.32,10000.0,24,112217.24,7695.44,0.41942,197,0,1,0.75682,1,5,640,16375.31,6340.58,Rent,Debt consolidation,74,Verified,Male,40-49,0
APP-0002918,2022-01-02,Mobile,Marmara,Public sector,46,53855.48,125914.59,18,55857.36,12324.0,0.35872,177,0,0,0.34629,1,8,663,7808.63,7243.75,Mortgage,Home improvement,47,Verified,Male,30-39,0
APP-0002992,2022-01-02,Mobile,Black Sea,Public sector,138,21721.36,17195.29,24,32101.25,8212.0,0.41105,439,0,2,0.37827,1,7,671,15318.41,2813.99,Rent,Home improvement,8,Verified,Male,50-59,0
APP-0006145,2022-01-02,Partner,Mediterranean,Salaried,68,39657.65,52973.96,24,10492.22,14618.61,0.42428,390,0,1,0.72892,1,4,656,96740.31,20813.5,Owner,Other,45,Verified,Male,50-59,1
APP-0008003,2022-01-02,Web,Aegean,Public sector,39,28770.71,10000.0,36,139624.05,2808.83,0.10728,330,0,0,0.43093,1,5,624,16067.58,27960.4,Rent,Debt consolidation,48,Verified,Male,40-49,0
APP-0010704,2022-01-02,Partner,Marmara,Self-employed,55,58841.98,27521.57,24,192189.57,9661.84,0.18369,173,0,0,0.61008,2,6,649,16605.95,85578.78,Rent,Debt consolidation,51,Verified,Female,40-49,0
APP-0014806,2022-01-02,Web,Marmara,Salaried,54,57582.42,30258.83,36,263992.84,6218.5,0.12259,47,0,1,0.2538,1,4,671,27725.29,15740.66,Mortgage,Vehicle,110,Verified,Female,21-29,0
APP-0016423,2022-01-02,Partner,Aegean,Self-employed,69,63664.93,38601.65,36,450908.75,16826.93,0.28115,373,0,1,0.48481,0,9,683,19834.55,18670.03,Mortgage,Other,24,Verified,Female,50-59,1
APP-0017103,2022-01-02,Partner,Marmara,Contract,50,12000.0,10000.0,36,10429.13,2652.02,0.24415,244,1,2,0.43856,3,6,637,1131.95,325.38,Family,Other,13,Verified,Female,30-39,0
APP-0018347,2022-01-02,Mobile,Aegean,Public sector,60,39521.34,10000.0,36,41772.28,17996.62,0.46239,168,0,1,0.13341,1,4,733,50834.36,9566.95,Rent,Education,7,Verified,Male,40-49,0
APP-0019044,2022-01-02,Web,Marmara,Self-employed,64,91397.65,88638.76,60,119911.78,38724.18,0.43985,351,0,0,0.2491,1,7,743,6345.45,27699.6,Rent,Education,66,Verified,Female,50-59,1
APP-0019258,2022-01-02,Web,Marmara,Retired,23,23670.21,21296.75,48,84301.03,5884.32,0.26734,180,0,0,0.58552,1,5,679,366699.93,3264.23,Rent,Education,24,Unverified,Male,30-39,0
APP-0019327,2022-01-02,Mobile,Marmara,Salaried,52,37404.72,54063.38,24,270839.78,3257.86,0.14732,252,0,1,0.53155,0,5,681,67585.71,6819.21,Mortgage,Home improvement,39,Verified,Male,50-59,0
APP-0019854,2022-01-02,Mobile,Mediterranean,Salaried,254,43244.96,13579.23,48,76554.54,7945.75,0.19028,239,0,0,0.69551,0,4,682,18332.66,15130.28,Rent,Other,31,Unverified,Female,30-39,0
APP-0025788,2022-01-02,Mobile,Marmara,Salaried,82,31626.14,61410.87,18,95784.24,17401.06,0.65809,222,1,1,0.45851,0,4,661,30922.71,3964.3,Mortgage,Debt consolidation,98,Verified,Male,60-74,1
APP-0026053,2022-01-02,Mobile,Mediterranean,Public sector,131,61508.62,30634.7,60,301877.25,10295.84,0.17569,343,0,1,0.35395,1,9,723,35887.05,45695.41,Rent,Medical,60,Verified,Female,60-74,0
APP-0026413,2022-01-02,Mobile,Marmara,Salaried,20,59980.68,76259.74,36,200905.16,20571.5,0.37829,31,0,0,0.28325,1,7,739,20537.66,48107.78,Mortgage,Vehicle,13,Verified,Female,21-29,0
APP-0027986,2022-01-02,Partner,Mediterranean,Salaried,92,35811.64,52587.56,18,57740.82,16055.74,0.52992,345,0,1,0.20442,1,8,726,24040.67,64251.43,Rent,Vehicle,4,Verified,Female,60-74,0
APP-0031186,2022-01-02,Branch,Mediterranean,Contract,56,16518.72,48606.66,60,21765.0,4237.6,0.30558,177,0,0,0.58524,2,5,636,6384.87,30294.08,Mortgage,Vehicle,11,Unverified,Female,40-49,0
APP-0031635,2022-01-02,Mobile,Marmara,Contract,157,33791.88,14232.99,36,50800.41,12425.8,0.37942,188,0,0,0.20734,0,1,699,66207.64,7096.72,Owner,Vehicle,3,Verified,Male,50-59,0
APP-0032364,2022-01-02,Mobile,Black Sea,Salaried,79,38360.68,72812.11,18,3539.83,1332.64,0.14019,165,0,0,0.36993,2,5,711,6823.56,5989.18,Mortgage,Vehicle,34,Verified,Male,40-49,0
APP-0033066,2022-01-02,Mobile,Marmara,Salaried,103,12000.0,10000.0,36,31522.96,6018.93,0.52473,184,0,1,0.49598,1,5,657,27314.94,6792.97,Rent,Debt consolidation,23,Verified,Male,50-59,0
APP-0033410,2022-01-02,Web,Mediterranean,Salaried,75,23861.01,10000.0,24,104832.41,7862.5,0.34697,163,0,0,0.59124,0,4,685,1822.57,25833.31,Mortgage,Debt consolidation,139,Unverified,Female,50-59,1
APP-0034445,2022-01-02,Mobile,Marmara,Public sector,30,14824.63,10000.0,36,7510.43,862.73,0.07693,129,1,1,0.27699,2,7,653,4105.1,2755.84,Rent,Other,67,Verified,Female,30-39,0
APP-0034455,2022-01-02,Mobile,Aegean,Salaried,19,97986.81,71442.6,60,195261.88,34661.01,0.36588,48,2,3,0.55789,0,5,644,126245.84,50574.85,Owner,Home improvement,11,Verified,Male,21-29,0
APP-0034749,2022-01-02,Mobile,Marmara,Salaried,63,35888.74,82119.91,60,308034.51,12641.58,0.39038,75,1,1,0.21185,2,4,676,11648.78,9779.23,Family,Debt consolidation,35,Verified,Female,21-29,0
APP-0036154,2022-01-02,Branch,Black Sea,Salaried,112,30492.56,40903.25,36,77999.68,6487.16,0.25001,394,0,1,0.31628,1,5,698,19542.59,20834.68,Owner,Other,49,Verified,Female,50-59,0
APP-0038783,2022-01-02,Web,Marmara,Self-employed,39,36825.38,59994.0,60,141584.94,10239.63,0.30521,18,0,0,0.51095,1,4,680,15003.03,11567.87,Mortgage,Vehicle,16,Unverified,Male,21-29,0
APP-0040261,2022-01-02,Mobile,Aegean,Self-employed,140,58584.93,55795.94,48,301731.8,27975.2,0.49736,207,0,0,0.52275,1,4,630,84232.01,336215.61,Rent,Vehicle,10,Verified,Female,40-49,1
APP-0044076,2022-01-02,Mobile,Aegean,Salaried,70,17053.55,22518.55,36,50959.88,1992.8,0.15353,331,0,1,0.53243,2,4,618,3033.53,7216.75,Owner,Vehicle,158,Verified,Female,60-74,0
APP-0044696,2022-01-02,Web,Aegean,Public sector,138,31426.59,84346.8,18,65472.38,15806.1,0.65206,185,0,0,0.29787,0,7,694,26065.81,2710.29,Rent,Debt consolidation,36,Verified,Female,40-49,0
APP-0044887,2022-01-02,Mobile,Mediterranean,Salaried,88,95239.6,53197.51,36,335398.43,12116.92,0.14274,140,1,1,0.562,0,10,648,80006.71,22685.29,Mortgage,Home improvement,50,Verified,Male,40-49,0
APP-0044897,2022-01-02,Mobile,Black Sea,Retired,106,28842.91,36034.14,60,60328.16,1272.68,0.06495,87,1,2,0.88963,0,4,568,19047.54,25294.7,Rent,Debt consolidation,14,Verified,Male,21-29,1
APP-0046100,2022-01-02,Partner,Black Sea,Public sector,116,50150.52,31862.96,24,73940.5,10532.96,0.2365,242,0,2,0.28358,2,4,684,11790.7,30772.11,Rent,Debt consolidation,19,Verified,Male,40-49,0
APP-0047597,2022-01-02,Mobile,Central Anatolia,Public sector,61,98394.28,66547.7,12,219748.58,19059.97,0.25007,81,0,0,0.63349,1,9,624,94577.38,25563.9,Owner,Education,26,Verified,Female,30-39,1
APP-0047635,2022-01-02,Web,Aegean,Salaried,34,32762.28,12695.53,48,43327.08,6849.85,0.21715,178,1,1,0.42083,2,3,690,27952.72,4830.84,Owner,Home improvement,65,Verified,Female,30-39,0
APP-0000417,2022-01-03,Web,Marmara,Retired,94,34146.24,24248.07,36,85175.1,6417.44,0.20767,406,1,1,0.13394,0,2,719,16878.47,12036.41,Owner,Other,75,Verified,Female,50-59,1
APP-0002821,2022-01-03,Branch,Marmara,Salaried,102,69927.29,20445.31,36,226593.49,34193.96,0.49711,215,0,0,0.87542,1,6,677,54409.27,39882.91,Family,Education,56,Verified,Male,40-49,0
APP-0003594,2022-01-03,Branch,Marmara,Self-employed,73,49987.42,77119.15,60,132262.04,17215.76,0.37011,175,0,2,0.31947,0,4,645,31517.65,22148.02,Rent,Other,13,Verified,Male,40-49,0
APP-0004310,2022-01-03,Partner,Marmara,Salaried,125,48565.4,23917.02,24,203622.14,11186.85,0.25087,264,0,0,0.29235,0,13,668,14490.92,26539.86,Owner,Vehicle,63,Verified,Female,40-49,0
APP-0005452,2022-01-03,Web,Central Anatolia,Salaried,194,26133.56,137960.58,24,103885.5,9117.72,0.56885,138,0,0,0.31548,0,6,684,44845.75,6936.09,Family,Debt consolidation,4,Verified,Male,40-49,1
APP-0005454,2022-01-03,Branch,Central Anatolia,Salaried,52,40544.86,22782.37,36,137055.95,6563.4,0.17749,244,1,1,0.40357,1,3,651,144992.97,11132.85,Rent,Home improvement,23,Verified,Female,60-74,0
APP-0006542,2022-01-03,Partner,Central Anatolia,Public sector,55,81607.31,26221.66,48,280805.13,11125.39,0.14302,106,0,1,0.42516,2,9,664,22727.82,49859.08,Mortgage,Vehicle,60,Verified,Female,30-39,0
APP-0007767,2022-01-03,Web,Mediterranean,Self-employed,97,85536.5,144313.81,48,123992.72,11758.68,0.17262,160,0,0,0.52482,2,6,670,17999.41,30137.14,Rent,Home improvement,43,Verified,Female,50-59,1
APP-0009636,2022-01-03,Web,Aegean,Self-employed,78,59649.66,54441.55,48,134047.25,15206.75,0.27395,76,0,0,0.29627,2,7,717,91969.15,45220.16,Family,Debt consolidation,12,Verified,Female,30-39,0
APP-0010418,2022-01-03,Branch,Marmara,Salaried,87,42236.02,87458.81,24,265529.16,5637.75,0.21976,155,0,1,0.329,0,1,713,39548.87,42145.86,Mortgage,Home improvement,83,Verified,Male,60-74,0
APP-0011038,2022-01-03,Branch,Central Anatolia,Salaried,78,23792.63,39012.01,24,74892.47,4926.29,0.27537,159,0,2,0.30371,0,1,681,10602.39,10293.14,Mortgage,Debt consolidation,34,Verified,Male,30-39,0
APP-0014385,2022-01-03,Branch,Central Anatolia,Public sector,85,64892.27,122098.25,24,173476.18,5812.75,0.16797,111,0,0,0.35284,2,7,685,899321.33,4903.2,Mortgage,Other,75,Verified,Female,40-49,1
APP-0014571,2022-01-03,Web,Marmara,Public sector,99,48375.45,53143.47,36,72307.76,6704.76,0.16911,127,0,0,0.29002,0,2,661,24875.98,4064.67,Family,Vehicle,12,Verified,Female,30-39,0
APP-0014581,2022-01-03,Web,Mediterranean,Salaried,76,64839.28,271796.86,48,116315.11,14015.54,0.30349,272,1,1,0.55633,3,6,695,42349.55,30450.21,Owner,Other,25,Unverified,Female,40-49,0
APP-0016589,2022-01-03,Mobile,Black Sea,Self-employed,76,32748.07,21083.76,36,131713.06,6108.27,0.20441,129,0,0,0.24039,1,10,699,18249.81,10238.26,Rent,Education,13,Verified,Female,30-39,0
APP-0016702,2022-01-03,Mobile,Marmara,Self-employed,47,21450.0,40825.39,18,45212.54,1998.95,0.19893,204,1,1,0.26979,0,2,763,19450.58,9823.08,Rent,Vehicle,34,Verified,Male,40-49,0
APP-0017431,2022-01-03,Mobile,Marmara,Retired,28,25850.91,44635.23,48,73208.35,4336.22,0.20371,51,0,1,0.298,0,4,694,77136.17,75527.26,Mortgage,Debt consolidation,25,Verified,Female,30-39,1
APP-0017888,2022-01-03,Mobile,Marmara,Salaried,36,75571.64,48462.56,24,204257.68,20926.87,0.30363,37,0,1,0.3231,4,6,642,24891.09,54814.81,Rent,Other,27,Verified,Male,21-29,0
APP-0020399,2022-01-03,Web,Central Anatolia,Salaried,52,30466.76,10765.8,36,33123.39,3804.36,0.13468,118,0,1,0.17563,1,3,713,28298.23,58076.02,Mortgage,Debt consolidation,50,Verified,Male,30-39,0
APP-0021772,2022-01-03,Branch,Aegean,Contract,102,20748.36,19761.88,60,34249.78,8072.25,0.40493,164,0,1,0.12904,2,4,662,4426.36,6614.49,Family,Medical,18,Verified,Female,40-49,0
APP-0022734,2022-01-03,Web,Aegean,Salaried,114,77558.08,54180.56,60,51057.64,20155.53,0.27152,340,0,1,0.4913,1,8,719,26623.93,11745.54,Rent,Vehicle,95,Verified,Male,40-49,0
APP-0028394,2022-01-03,Mobile,Central Anatolia,Contract,65,63382.31,184137.48,12,88346.38,26235.85,0.65603,131,0,0,0.17929,3,7,695,72576.39,13990.29,Rent,Home improvement,55,Unverified,Female,30-39,0
APP-0028759,2022-01-03,Web,Central Anatolia,Public sector,24,48451.1,119984.34,18,123104.27,2307.1,0.18519,161,0,0,0.63018,1,5,654,26180.68,84786.21,Rent,Other,79,Unverified,Female,30-39,0
APP-0030145,2022-01-03,Branch,Central Anatolia,Self-employed,146,50153.43,41820.94,36,80862.64,12257.64,0.26757,181,0,0,0.55582,0,7,714,21514.76,16177.59,Rent,Other,84,Verified,Female,50-59,0
APP-0031741,2022-01-03,Partner,Mediterranean,Public sector,84,34905.84,20976.38,12,110130.36,6517.98,0.23681,246,0,0,0.14753,0,5,729,89023.95,5268.7,Owner,Vehicle,60,Verified,Male,50-59,0
APP-0032790,2022-01-03,Branch,Aegean,Public sector,83,39298.77,24548.08,24,20137.32,8885.76,0.25214,385,0,0,0.24713,4,3,683,17681.99,3399.91,Owner,Medical,11,Unverified,Male,60-74,0
APP-0034597,2022-01-03,Branch,Aegean,Public sector,23,48256.19,27287.79,36,46909.93,2430.24,0.06607,114,0,0,0.49273,1,4,674,14061.27,26234.42,Family,Other,28,Unverified,Male,30-39,0
APP-0034948,2022-01-03,Web,Central Anatolia,Public sector,58,46227.8,63762.72,48,152374.57,10555.1,0.25706,24,0,1,0.79984,2,6,585,84148.13,15807.79,Rent,Other,48,Verified,Male,21-29,0
APP-0036671,2022-01-03,Branch,Marmara,Retired,75,22807.57,22694.7,60,132634.19,2307.0,0.11773,228,1,1,0.2551,0,5,679,44346.78,16178.61,Mortgage,Debt consolidation,5,Verified,Male,40-49,0
APP-0041799,2022-01-03,Branch,Aegean,Salaried,59,20014.66,10000.0,36,39909.57,6821.78,0.35472,221,0,1,0.61469,0,5,674,2198.15,10621.08,Mortgage,Debt consolidation,27,Verified,Female,40-49,0
APP-0043296,2022-01-03,Web,Central Anatolia,Salaried,129,26843.12,13185.64,48,23796.36,4832.66,0.19027,118,1,1,0.56846,1,7,689,4730.29,10431.35,Mortgage,Debt consolidation,20,Verified,Male,30-39,0
APP-0043372,2022-01-03,Mobile,Aegean,Self-employed,91,61695.27,33385.82,24,103857.09,17277.7,0.3026,139,1,3,0.49094,1,4,641,15349.8,20696.23,Owner,Debt consolidation,23,Verified,Male,50-59,1
APP-0045084,2022-01-03,Mobile,Central Anatolia,Salaried,45,48717.5,34620.15,24,28715.22,3535.2,0.10217,92,0,0,0.60446,1,4,627,62437.21,14268.64,Owner,Vehicle,56,Verified,Female,40-49,1
APP-0000137,2022-01-04,Mobile,Marmara,Public sector,71,48375.56,49567.44,48,117958.64,12708.06,0.28404,218,0,0,0.26148,0,8,724,56624.28,9291.33,Owner,Debt consolidation,35,Verified,Male,40-49,0
APP-0000357,2022-01-04,Mobile,Aegean,Salaried,46,48052.01,147738.99,12,99447.85,7082.67,0.40361,230,0,0,0.69766,1,4,693,47189.41,71445.97,Owner,Home improvement,23,Verified,Female,40-49,0
APP-0004068,2022-01-04,Mobile,Marmara,Contract,110,37669.32,50521.12,36,174468.19,12323.39,0.3644,328,1,1,0.64803,1,3,710,18716.53,5660.52,Rent,Education,31,Verified,Female,50-59,0
APP-0004202,2022-01-04,Web,Marmara,Salaried,152,101531.03,169869.81,12,208388.13,63445.04,0.76431,84,0,0,0.26368,2,5,688,270483.37,17637.6,Mortgage,Home improvement,20,Verified,Male,50-59,0
APP-0006056,2022-01-04,Mobile,Mediterranean,Salaried,104,44664.31,49329.08,24,27058.71,7261.29,0.20859,75,1,1,0.07156,0,6,666,13669.25,23960.12,Rent,Home improvement,45,Verified,Female,21-29,0
APP-0006058,2022-01-04,Web,Central Anatolia,Public sector,47,63644.3,42550.27,48,379354.18,28865.97,0.46748,85,0,0,0.31456,1,6,743,156608.27,18834.9,Mortgage,Vehicle,39,Verified,Male,30-39,0
APP-0006149,2022-01-04,Web,Marmara,Salaried,240,39561.37,20635.99,48,93396.72,11979.5,0.31368,199,0,0,0.11123,1,8,717,17499.52,22315.8,Owner,Other,12,Verified,Male,50-59,1
APP-0006360,2022-01-04,Mobile,Black Sea,Salaried,51,38331.25,16700.1,36,45753.47,6801.98,0.18955,199,0,0,0.7827,0,5,689,50878.8,52298.78,Owner,Other,141,Verified,Female,40-49,0
APP-0007681,2022-01-04,Partner,Central Anatolia,Public sector,58,29021.83,22719.07,36,308617.02,4440.07,0.17474,48,0,0,0.63795,1,3,720,5192.69,12500.43,Rent,Debt consolidation,28,Verified,Female,21-29,0
APP-0008060,2022-01-04,Branch,Marmara,Salaried,85,79752.5,33720.95,12,279716.13,25112.59,0.35012,278,1,2,0.16235,2,6,751,104953.88,19289.94,Mortgage,Vehicle,59,Verified,Male,50-59,0
APP-0008370,2022-01-04,Branch,Central Anatolia,Salaried,85,54611.44,60123.31,18,29523.87,26662.49,0.54938,198,0,1,0.33191,1,5,687,69328.13,17830.72,Rent,Vehicle,49,Verified,Female,50-59,0
APP-0009138,2022-01-04,Web,Central Anatolia,Salaried,121,24423.38,24092.37,60,17031.42,14424.12,0.60703,134,0,1,0.47669,1,2,674,26067.91,20163.1,Rent,Debt consolidation,23,Verified,Male,40-49,0
APP-0010263,2022-01-04,Web,Marmara,Salaried,156,40046.95,35342.7,24,75421.24,8998.67,0.26148,221,0,0,0.29279,0,3,707,71862.83,2426.02,Rent,Debt consolidation,15,Verified,Female,40-49,0
APP-0013264,2022-01-04,Mobile,Aegean,Public sector,52,45308.51,37240.74,36,223293.48,7700.32,0.19278,170,0,1,0.39854,0,9,664,3665.42,27534.24,Family,Home improvement,40,Verified,Male,40-49,0
APP-0014914,2022-01-04,Web,Aegean,Self-employed,60,72185.69,24843.46,36,33380.89,1111.16,0.02495,19,0,0,0.28386,0,2,646,255409.23,15146.65,Rent,Debt consolidation,50,Verified,Female,21-29,0
APP-0021240,2022-01-04,Branch,Central Anatolia,Self-employed,72,79407.1,125454.38,24,390281.0,32328.43,0.47295,208,0,2,0.52301,3,6,656,10536.9,141245.78,Rent,Vehicle,52,Verified,Male,40-49,1
APP-0022913,2022-01-04,Branch,Central Anatolia,Retired,35,18380.52,10000.0,18,55486.74,4562.38,0.27844,29,2,3,0.60527,3,5,575,17912.99,5290.87,Family,Home improvement,12,Verified,Female,21-29,1
APP-0023558,2022-01-04,Mobile,Mediterranean,Self-employed,27,30940.15,32418.13,36,124304.81,3823.01,0.15267,75,0,0,0.35251,2,5,704,22634.71,16862.56,Family,Debt consolidation,9,Verified,Male,21-29,0
APP-0024058,2022-01-04,Mobile,Aegean,Salaried,120,23192.53,13326.74,48,86371.32,5401.11,0.24485,203,1,1,0.3661,2,9,675,12750.34,16595.39,Mortgage,Education,123,Verified,Female,50-59,0
APP-0024387,2022-01-04,Branch,Aegean,Salaried,164,20655.07,10000.0,12,67854.74,4858.51,0.27557,152,0,2,0.5156,0,3,684,7625.61,3365.32,Rent,Education,48,Verified,Male,30-39,0
APP-0029793,2022-01-04,Branch,Marmara,Contract,42,29516.95,10051.31,60,40280.03,3154.86,0.11256,15,0,0,0.50408,1,4,670,124121.3,10538.98,Family,Other,64,Verified,Male,21-29,0
APP-0031290,2022-01-04,Web,Marmara,Salaried,36,55345.87,88011.6,18,133363.43,5350.16,0.18501,219,0,0,0.69946,2,6,646,37825.22,11988.41,Owner,Home improvement,39,Verified,Male,40-49,0
APP-0031732,2022-01-04,Branch,Marmara,Contract,174,52358.26,94837.47,18,59724.29,14386.22,0.37539,337,0,1,0.50328,0,4,678,72860.79,30616.74,Rent,Vehicle,133,Unverified,Male,60-74,1
APP-0037490,2022-01-04,Web,Mediterranean,Salaried,13,25952.36,31320.8,36,86765.75,3977.45,0.18678,108,0,0,0.18841,2,5,769,15773.17,16523.56,Rent,Home improvement,72,Unverified,Male,21-29,0
APP-0039320,2022-01-04,Mobile,Marmara,Salaried,38,27054.5,16955.25,48,23622.54,7585.9,0.29345,107,1,1,0.79032,2,2,609,14468.69,33840.24,Mortgage,Education,44,Verified,Male,21-29,1
APP-0039847,2022-01-04,Mobile,Mediterranean,Retired,116,13642.12,12943.02,48,44615.06,4419.86,0.34375,316,0,1,0.76843,2,1,610,5172.05,3069.98,Rent,Education,126,Verified,Female,50-59,0
APP-0042635,2022-01-04,Mobile,Aegean,Salaried,69,90212.29,78167.67,36,153121.29,19731.45,0.24279,28,0,0,0.19956,1,1,751,48413.99,20492.92,Rent,Home improvement,24,Unverified,Female,21-29,0
APP-0044311,2022-01-04,Branch,Aegean,Salaried,74,31236.62,11210.14,48,46922.95,3430.25,0.11729,182,0,0,0.14116,1,3,708,26255.5,13999.87,Rent,Vehicle,34,Verified,Male,50-59,1
APP-0046939,2022-01-04,Mobile,Aegean,Self-employed,89,23839.15,17481.71,24,37588.52,8937.35,0.40546,361,0,0,0.27827,1,7,685,36872.03,8706.43,Owner,Education,10,Verified,Female,60-74,0
APP-0047243,2022-01-04,Partner,Mediterranean,Public sector,74,26236.05,10000.0,24,6919.59,4539.73,0.18892,175,1,1,0.43014,0,4,723,91314.2,48786.44,Rent,Education,11,Verified,Male,40-49,0
APP-0003789,2022-01-05,Mobile,Marmara,Public sector,64,19977.99,10000.0,48,19571.13,1318.69,0.07644,271,1,1,0.56793,0,5,668,17777.18,4733.94,Rent,Debt consolidation,31,Verified,Female,40-49,0
APP-0004652,2022-01-05,Branch,Black Sea,Self-employed,144,51351.75,41058.06,12,141370.55,19728.32,0.45081,115,0,1,0.24058,0,2,693,42254.13,9098.38,Mortgage,Debt consolidation,42,Verified,Female,40-49,0
APP-0004929,2022-01-05,Web,Central Anatolia,Retired,40,54162.82,127173.43,36,68083.36,16925.16,0.37771,208,0,0,0.62792,0,8,676,215948.85,61198.92,Mortgage,Debt consolidation,28,Verified,Male,30-39,0
APP-0006721,2022-01-05,Mobile,Mediterranean,Salaried,130,70512.27,36881.89,60,151943.51,20980.8,0.30627,130,1,1,0.47498,1,8,682,42056.07,8961.55,Owner,Education,30,Verified,Female,40-49,0
APP-0007088,2022-01-05,Partner,Mediterranean,Salaried,30,38726.37,51630.75,36,115729.94,16942.85,0.47454,31,0,1,0.07243,1,6,702,66938.19,5858.85,Mortgage,Medical,79,Verified,Male,21-29,0
APP-0008400,2022-01-05,Branch,Mediterranean,Salaried,29,33587.02,50994.56,60,38094.66,6837.91,0.22889,69,0,0,0.67959,3,7,656,74212.44,34472.0,Rent,Debt consolidation,56,Verified,Male,21-29,0
APP-0008948,2022-01-05,Mobile,Black Sea,Salaried,42,49436.84,45084.23,36,49946.81,10066.46,0.22895,305,0,0,0.58858,1,7,677,65313.11,15972.72,Mortgage,Debt consolidation,10,Verified,Female,40-49,1
APP-0009185,2022-01-05,Mobile,Central Anatolia,Salaried,58,33308.41,11867.89,24,65543.37,6468.96,0.20906,81,0,1,0.20161,1,5,695,10048.52,88205.91,Mortgage,Vehicle,26,Verified,Male,30-39,0
APP-0010464,2022-01-05,Web,Aegean,Salaried,131,36317.34,30309.43,36,80281.46,7124.9,0.21937,178,1,2,0.4235,0,3,622,75542.24,1896.01,Owner,Education,59,Verified,Female,40-49,0
APP-0013582,2022-01-05,Mobile,Central Anatolia,Salaried,136,59341.83,105708.18,24,594859.85,22526.76,0.45383,250,1,1,0.83958,2,6,592,29970.6,25027.08,Rent,Vehicle,3,Verified,Male,40-49,1
APP-0013801,2022-01-05,Mobile,Marmara,Salaried,94,42618.9,157590.15,36,99637.09,13315.73,0.41515,296,0,2,0.24992,2,4,687,150821.88,10765.2,Rent,Debt consolidation,18,Verified,Male,40-49,0
APP-0014031,2022-01-05,Web,Aegean,Salaried,125,21303.71,10000.0,24,92698.55,1484.37,0.08924,192,0,0,0.28313,1,5,734,13313.66,46117.42,Owner,Home improvement,24,Unverified,Male,30-39,0
APP-0014587,2022-01-05,Mobile,Marmara,Self-employed,55,53222.37,67397.5,12,80990.04,2936.73,0.16071,157,1,1,0.74072,3,5,639,5985.68,88216.42,Family,Home improvement,22,Unverified,Male,30-39,1
APP-0015024,2022-01-05,Partner,Marmara,Salaried,34,27368.06,69943.46,36,116027.52,8950.37,0.39803,83,0,2,0.42647,0,4,667,22005.67,5093.81,Mortgage,Home improvement,10,Verified,Male,21-29,0
APP-0015732,2022-01-05,Partner,Marmara,Retired,73,12000.0,10000.0,24,57705.4,3608.14,0.3354,185,1,2,0.75235,1,2,596,17321.61,15514.71,Rent,Debt consolidation,11,Unverified,Male,30-39,1
APP-0018268,2022-01-05,Web,Black Sea,Retired,188,57286.31,58740.23,24,44378.27,14221.42,0.29098,236,0,1,0.2707,1,9,708,73417.73,10386.42,Mortgage,Vehicle,18,Verified,Female,40-49,0
APP-0021434,2022-01-05,Mobile,Central Anatolia,Salaried,26,33946.14,25044.16,36,36265.96,6311.55,0.20642,46,0,0,0.31208,2,1,709,30875.25,18148.43,Owner,Home improvement,22,Unverified,Male,21-29,0
APP-0024488,2022-01-05,Mobile,Marmara,Salaried,45,41780.2,28535.16,48,80227.05,6674.46,0.17398,266,1,2,0.65438,1,5,634,161478.38,6491.67,Family,Debt consolidation,66,Verified,Male,40-49,1
APP-0024692,2022-01-05,Partner,Central Anatolia,Self-employed,146,55290.61,94742.59,60,129123.29,4407.72,0.10828,279,0,0,0.64991,0,7,685,57851.25,27584.71,Rent,Debt consolidation,12,Verified,Male,40-49,0
APP-0025004,2022-01-05,Web,Central Anatolia,Salaried,78,19779.85,36609.22,24,45550.7,6981.35,0.43007,170,0,0,0.73481,2,2,621,7796.93,1832.99,Family,Medical,44,Verified,Male,40-49,0
APP-0026903,2022-01-05,Web,Central Anatolia,Contract,75,47628.13,25064.64,24,160998.79,15305.4,0.34328,252,0,0,0.62272,3,9,676,19822.54,5642.62,Mortgage,Other,5,Verified,Male,50-59,0
APP-0030835,2022-01-05,Branch,Mediterranean,Self-employed,35,38357.34,44951.92,36,208305.5,12312.97,0.35356,50,2,2,0.5251,0,5,655,32857.42,15706.12,Rent,Other,96,Verified,Male,21-29,1
APP-0031415,2022-01-05,Mobile,Black Sea,Salaried,126,52141.27,16191.68,24,12251.74,5178.29,0.11225,109,0,0,0.06179,2,11,754,15999.07,77536.79,Owner,Vehicle,104,Verified,Female,30-39,0
APP-0031817,2022-01-05,Web,Marmara,Salaried,76,24725.42,14154.93,12,97034.76,12759.78,0.56377,263,0,0,0.45115,0,3,693,26771.31,1963.09,Rent,Debt consolidation,22,Verified,Female,50-59,0
APP-0034251,2022-01-05,Mobile,Aegean,Contract,199,63134.11,109497.66,24,112278.94,6808.36,0.1801,219,0,0,0.41051,0,6,704,73270.71,16746.83,Owner,Vehicle,59,Verified,Male,40-49,0
APP-0035037,2022-01-05,Mobile,Central Anatolia,Public sector,92,39290.03,52429.81,48,12360.87,11200.14,0.31286,581,0,0,0.51744,0,4,683,29204.18,9718.2,Mortgage,Vehicle,32,Unverified,Female,60-74,0
APP-0036393,2022-01-05,Partner,Central Anatolia,Self-employed,77,39751.08,25356.19,48,40827.69,7042.41,0.19045,366,0,0,0.09104,1,7,758,10466.14,33599.17,Mortgage,Vehicle,11,Verified,Female,50-59,0
APP-0037412,2022-01-05,Web,Mediterranean,Self-employed,88,89307.82,111689.38,24,55844.44,46796.58,0.5761,218,1,1,0.26715,2,5,704,16979.55,43319.83,Owner,Medical,31,Verified,Male,40-49,0
APP-0037854,2022-01-05,Partner,Marmara,Salaried,29,30026.22,17023.42,60,12402.17,4139.7,0.14732,43,1,1,0.56804,0,2,665,19274.25,8075.68,Mortgage,Debt consolidation,59,Verified,Male,21-29,1
APP-0038088,2022-01-05,Mobile,Mediterranean,Self-employed,87,35684.53,113845.81,24,27082.69,6172.36,0.3059,361,0,0,0.52895,1,3,646,77534.7,6221.53,Mortgage,Other,60,Verified,Female,50-59,0
APP-0040405,2022-01-05,Mobile,Mediterranean,Self-employed,78,48890.94,41817.89,36,134584.8,9313.61,0.21426,149,0,0,0.04501,1,6,723,57391.17,10270.04,Rent,Debt consolidation,14,Verified,Male,30-39,0
APP-0040955,2022-01-05,Web,Mediterranean,Public sector,19,116324.83,225755.48,48,392627.29,34177.78,0.33425,176,2,4,0.12869,2,6,635,46608.64,60474.34,Rent,Home improvement,48,Verified,Male,30-39,0
APP-0041862,2022-01-05,Partner,Marmara,Self-employed,12,68648.62,70070.1,24,729504.1,26285.77,0.42543,162,0,0,0.75789,4,6,651,121531.44,20286.04,Rent,Debt consolidation,4,Verified,Male,30-39,0
APP-0042073,2022-01-05,Partner,Aegean,Salaried,61,50608.21,118213.09,36,70451.42,420.62,0.0732,160,0,0,0.14185,2,6,685,35474.34,16061.12,Family,Other,154,Verified,Female,30-39,0
APP-0044173,2022-01-05,Web,Aegean,Salaried,97,67567.37,117926.99,24,394804.01,18007.63,0.33924,360,2,3,0.34504,1,1,698,47747.61,15702.19,Mortgage,Other,55,Verified,Female,60-74,0
APP-0044545,2022-01-05,Mobile,Marmara,Public sector,86,26899.29,40822.0,60,75394.08,2394.92,0.11433,248,0,0,0.17355,1,4,682,48813.07,10217.67,Mortgage,Education,101,Verified,Male,40-49,0
APP-0046413,2022-01-05,Branch,Marmara,Salaried,61,34900.74,32878.41,60,38164.65,11370.32,0.34149,343,1,1,0.51742,0,7,599,35721.81,3629.26,Mortgage,Home improvement,97,Verified,Female,50-59,0
APP-0046792,2022-01-05,Mobile,Central Anatolia,Salaried,42,36220.44,13906.41,24,99043.11,11173.1,0.32447,271,0,0,0.60422,0,7,731,47284.1,10187.98,Mortgage,Education,65,Verified,Female,40-49,0
APP-0046817,2022-01-05,Mobile,Central Anatolia,Retired,32,25652.89,21135.47,36,35664.8,2671.52,0.12703,138,0,0,0.21493,0,6,778,236430.54,13035.04,Mortgage,Vehicle,6,Unverified,Male,30-39,0
APP-0046949,2022-01-05,Branch,Black Sea,Self-employed,100,26808.02,21090.21,24,92670.59,10171.58,0.4122,141,0,1,0.17461,0,5,731,11592.91,5125.55,Rent,Debt consolidation,108,Verified,Female,30-39,0
APP-0047718,2022-01-05,Mobile,Central Anatolia,Public sector,95,49535.12,101929.9,36,278225.77,10296.67,0.26503,288,0,0,0.79599,2,7,637,46787.31,30795.61,Owner,Vehicle,13,Verified,Female,50-59,0
APP-0001622,2022-01-06,Branch,Mediterranean,Contract,112,49456.35,26851.57,36,116777.55,19442.4,0.4082,329,1,1,0.50392,2,12,643,83733.11,6614.27,Rent,Debt consolidation,53,Verified,Male,50-59,1
APP-0003966,2022-01-06,Branch,Central Anatolia,Salaried,109,34711.66,32845.27,48,26693.51,7906.55,0.24749,121,0,0,0.64482,2,2,609,23742.34,11859.53,Mortgage,Other,18,Verified,Male,30-39,0
APP-0008201,2022-01-06,Partner,Central Anatolia,Salaried,72,59051.34,46937.27,18,214359.21,18489.73,0.35727,261,0,0,0.73894,2,2,605,75292.19,14937.44,Mortgage,Other,46,Verified,Male,40-49,0
APP-0008634,2022-01-06,Mobile,Mediterranean,Self-employed,68,74750.85,68545.07,60,29499.91,7982.99,0.12208,104,1,1,0.44918,0,9,704,34523.59,44360.0,Rent,Other,92,Verified,Female,30-39,0
APP-0009097,2022-01-06,Mobile,Aegean,Contract,63,17860.2,10000.0,24,4274.49,3592.34,0.22447,189,0,0,0.43545,1,6,685,7209.19,9840.76,Owner,Debt consolidation,19,Verified,Male,30-39,0
APP-0011463,2022-01-06,Branch,Marmara,Salaried,85,77948.9,42630.13,24,319927.76,23801.6,0.32814,235,0,1,0.16335,2,6,685,158870.92,82296.01,Mortgage,Medical,14,Verified,Female,40-49,0
APP-0012443,2022-01-06,Mobile,Mediterranean,Public sector,64,24596.05,11557.49,48,82593.04,4645.89,0.19868,123,0,1,0.45335,1,8,643,32716.51,10943.76,Owner,Debt consolidation,72,Verified,Male,30-39,0
APP-0014193,2022-01-06,Branch,Marmara,Salaried,64,57007.99,22943.41,36,45775.77,10996.85,0.20408,168,2,4,0.61011,0,8,627,17022.41,20138.5,Family,Debt consolidation,61,Verified,Male,40-49,1
APP-0015379,2022-01-06,Web,Aegean,Retired,60,34657.92,55751.33,18,27900.94,5576.33,0.25026,275,1,1,0.18154,1,5,667,65604.18,25491.77,Owner,Vehicle,83,Verified,Male,50-59,0
APP-0018116,2022-01-06,Branch,Mediterranean,Salaried,11,26746.51,13044.33,18,36488.3,3399.57,0.1542,107,0,0,0.39404,0,3,717,5939.88,51597.72,Rent,Other,70,Verified,Male,21-29,0
APP-0018693,2022-01-06,Web,Mediterranean,Self-employed,117,50458.92,41939.23,48,33432.8,16672.77,0.34774,88,0,0,0.42064,0,5,702,285196.46,6444.49,Mortgage,Vehicle,140,Verified,Male,21-29,0
APP-0020032,2022-01-06,Mobile,Marmara,Salaried,51,34735.8,26363.14,24,183784.22,8470.01,0.27546,231,0,2,0.63935,0,2,652,48681.96,18193.02,Mortgage,Debt consolidation,91,Verified,Male,40-49,0
APP-0021657,2022-01-06,Web,Aegean,Self-employed,85,105097.93,96374.34,24,141424.76,31920.31,0.34193,26,1,1,0.22529,1,11,729,31638.03,189762.25,Rent,Medical,52,Verified,Male,21-29,0
APP-0021955,2022-01-06,Mobile,Mediterranean,Salaried,126,38491.53,28186.46,24,5438.74,3588.4,0.12374,39,1,1,0.40662,2,3,651,8378.66,18736.76,Owner,Home improvement,3,Verified,Male,21-29,0
APP-0023156,2022-01-06,Web,Central Anatolia,Salaried,69,50625.49,61586.76,60,67879.15,12150.24,0.26028,181,2,3,0.23668,0,3,698,99505.15,8769.41,Mortgage,Education,86,Verified,Male,40-49,0
APP-0023559,2022-01-06,Mobile,Marmara,Public sector,160,47095.9,11530.9,48,25187.2,3934.8,0.08865,160,0,1,0.6376,1,4,686,41483.09,11255.87,Mortgage,Other,7,Verified,Male,40-49,0
APP-0024013,2022-01-06,Mobile,Marmara,Retired,33,33044.31,60223.63,36,18587.11,16106.65,0.53805,161,1,1,0.67423,1,4,679,5062.13,7158.87,Rent,Other,6,Verified,Female,30-39,0
APP-0025808,2022-01-06,Web,Central Anatolia,Public sector,42,32673.33,52714.45,36,96508.04,7317.9,0.26879,34,0,1,0.11845,1,5,711,15925.28,6779.3,Rent,Debt consolidation,19,Unverified,Female,21-29,0
APP-0028325,2022-01-06,Mobile,Black Sea,Salaried,61,25228.24,10156.83,12,46401.51,3612.11,0.17673,184,0,0,0.22686,1,3,766,22973.53,5088.83,Owner,Debt consolidation,97,Verified,Female,40-49,0
APP-0028336,2022-01-06,Branch,Marmara,Salaried,73,12393.35,10000.0,36,70669.77,4916.77,0.41914,241,0,0,0.58159,3,4,627,20765.47,37774.59,Family,Home improvement,67,Verified,Female,40-49,0
APP-0028687,2022-01-06,Partner,Mediterranean,Salaried,90,28074.61,46543.96,36,25272.75,4649.19,0.21165,331,0,1,0.3991,1,7,689,6870.14,17108.19,Mortgage,Vehicle,7,Verified,Male,50-59,0
APP-0029096,2022-01-06,Mobile,Marmara,Retired,47,34888.25,40043.41,12,316340.32,6274.17,0.27548,14,0,0,0.41931,0,3,714,39629.22,20512.54,Owner,Education,35,Verified,Female,21-29,0
APP-0029609,2022-01-06,Web,Aegean,Salaried,45,49555.51,32580.23,36,108494.14,8030.01,0.1803,144,0,0,0.56184,1,3,667,25053.38,7982.91,Mortgage,Home improvement,50,Verified,Female,30-39,0
APP-0030586,2022-01-06,Web,Aegean,Salaried,32,46523.7,39277.99,18,53607.6,11790.07,0.30032,72,0,0,0.5798,0,4,664,85775.37,69453.04,Mortgage,Education,17,Verified,Female,30-39,1
APP-0031709,2022-01-06,Mobile,Aegean,Salaried,124,47765.61,151935.16,24,32047.66,5076.6,0.23882,288,0,1,0.2984,0,9,652,28990.21,30204.95,Rent,Debt consolidation,91,Unverified,Female,50-59,0
APP-0033157,2022-01-06,Branch,Mediterranean,Salaried,57,32943.9,19077.25,12,70551.16,6428.42,0.24339,33,0,1,0.27096,0,5,673,52696.47,52558.41,Rent,Medical,18,Verified,Male,21-29,0
APP-0034027,2022-01-06,Mobile,Central Anatolia,Salaried,20,43656.61,43223.12,36,182833.94,718.05,0.04395,25,0,0,0.40159,0,6,657,99595.53,2379.3,Family,Other,15,Verified,Female,21-29,0
APP-0035190,2022-01-06,Mobile,Marmara,Retired,30,53246.93,46007.47,60,143856.78,11890.94,0.23772,206,0,0,0.76498,1,14,629,15267.01,173618.04,Mortgage,Other,35,Verified,Female,40-49,1
APP-0035582,2022-01-06,Mobile,Marmara,Salaried,50,55940.82,102258.98,24,223729.09,30641.83,0.62392,82,0,0,0.35081,1,3,687,77532.19,74798.29,Mortgage,Home improvement,14,Verified,Female,40-49,0
APP-0037348,2022-01-06,Web,Aegean,Salaried,64,37555.29,26015.92,36,148169.05,8756.72,0.25241,73,1,1,0.24778,0,10,655,22675.21,9771.4,Owner,Debt consolidation,60,Unverified,Male,50-59,0
APP-0039155,2022-01-06,Mobile,Marmara,Salaried,60,54990.14,67270.78,36,209629.2,2791.85,0.08475,20,0,1,0.3292,2,3,704,17455.31,13924.88,Rent,Home improvement,37,Verified,Female,21-29,0
APP-0040332,2022-01-06,Web,Marmara,Self-employed,70,55366.28,39442.21,12,81249.35,20469.01,0.42907,85,0,0,0.48527,2,6,679,63141.0,15189.26,Rent,Debt consolidation,30,Verified,Female,40-49,0
APP-0040449,2022-01-06,Web,Mediterranean,Salaried,86,15826.58,11217.94,24,53900.26,4521.4,0.31522,161,0,0,0.06121,0,6,744,78624.77,4532.96,Mortgage,Debt consolidation,33,Verified,Female,40-49,0
APP-0041288,2022-01-06,Branch,Black Sea,Salaried,166,71991.54,30471.87,36,293638.7,39002.06,0.55352,365,0,1,0.27903,0,7,757,42519.81,37296.26,Rent,Home improvement,200,Verified,Female,50-59,0
APP-0041303,2022-01-06,Partner,Marmara,Public sector,66,20518.51,14388.83,18,10584.77,9460.3,0.50002,230,2,2,0.225,2,3,696,20224.09,9797.95,Rent,Home improvement,14,Verified,Female,40-49,0
APP-0044223,2022-01-06,Mobile,Black Sea,Salaried,82,55926.03,51135.46,36,50130.6,25696.78,0.48488,131,1,1,0.49465,0,5,689,253736.12,21973.74,Owner,Debt consolidation,21,Unverified,Female,40-49,0
APP-0046321,2022-01-06,Mobile,Central Anatolia,Public sector,92,58004.55,102148.31,60,559019.92,27526.59,0.50391,197,0,0,0.27806,2,4,665,37512.16,26155.0,Rent,Home improvement,35,Verified,Female,50-59,0
APP-0046740,2022-01-06,Web,Black Sea,Contract,34,81436.84,131355.44,18,131642.02,10182.43,0.21464,34,0,0,0.54932,2,3,671,102489.59,45882.52,Owner,Debt consolidation,55,Verified,Female,30-39,0
APP-0047274,2022-01-06,Mobile,Aegean,Self-employed,76,55631.81,47484.64,24,59161.11,35220.96,0.66867,141,0,0,0.55665,2,7,685,20834.27,4708.66,Mortgage,Home improvement,10,Verified,Female,40-49,0
APP-0001603,2022-01-07,Web,Black Sea,Salaried,68,42663.39,84111.03,36,183910.2,10215.12,0.2942,70,0,0,0.22258,1,7,775,41374.34,12874.07,Rent,Debt consolidation,16,Unverified,Male,30-39,0
APP-0002105,2022-01-07,Mobile,Aegean,Salaried,138,20064.75,10054.43,24,58401.27,4173.9,0.2289,66,0,0,0.44263,0,8,727,9189.82,10686.65,Owner,Home improvement,33,Verified,Male,30-39,0
APP-0002224,2022-01-07,Branch,Marmara,Salaried,46,65704.59,39484.89,12,176274.0,14267.19,0.26722,161,0,0,0.52962,3,1,606,125542.09,17993.85,Mortgage,Debt consolidation,89,Verified,Male,40-49,1
APP-0005646,2022-01-07,Branch,Mediterranean,Retired,74,23990.8,22143.83,48,78018.38,9423.96,0.41205,75,0,0,0.31257,1,3,741,105848.2,24212.65,Owner,Debt consolidation,54,Verified,Male,21-29,0
APP-0006174,2022-01-07,Web,Aegean,Salaried,37,28057.99,37343.04,48,51029.93,4895.12,0.20219,114,0,1,0.73556,1,3,624,18795.98,5671.1,Rent,Home improvement,105,Unverified,Female,40-49,0
APP-0007390,2022-01-07,Branch,Central Anatolia,Salaried,98,38858.43,90796.58,24,84662.79,12002.8,0.40624,216,4,4,0.56307,3,3,596,102107.47,10338.63,Mortgage,Education,41,Verified,Female,50-59,0
APP-0008259,2022-01-07,Mobile,Central Anatolia,Salaried,93,24336.99,49617.29,48,101757.37,5914.49,0.2855,77,1,1,0.70036,0,3,645,20566.26,6201.9,Family,Vehicle,51,Verified,Male,60-74,0
APP-0011265,2022-01-07,Branch,Aegean,Self-employed,13,91077.44,78262.77,36,411161.79,29436.37,0.34707,107,0,0,0.15452,0,8,738,127828.95,290800.41,Owner,Other,25,Verified,Female,21-29,0
APP-0011615,2022-01-07,Web,Central Anatolia,Salaried,37,15626.16,14949.18,24,11217.72,3470.99,0.26199,62,0,1,0.12051,0,3,687,6722.36,3106.23,Owner,Other,78,Verified,Male,40-49,0
APP-0013172,2022-01-07,Mobile,Marmara,Self-employed,45,89536.9,72722.61,48,43987.55,31237.17,0.3658,124,0,0,0.661,2,9,621,92072.38,19850.31,Rent,Debt consolidation,18,Unverified,Female,30-39,0
APP-0014531,2022-01-07,Web,Marmara,Salaried,59,33956.45,15039.29,18,67372.57,4602.3,0.16014,128,0,0,0.44565,0,1,676,113085.27,59654.68,Mortgage,Vehicle,23,Verified,Male,30-39,0
APP-0014937,2022-01-07,Branch,Marmara,Salaried,101,31365.36,26319.0,36,201401.7,8078.81,0.28088,183,0,0,0.89967,1,7,580,25963.62,21592.49,Owner,Debt consolidation,24,Verified,Female,40-49,0
APP-0018773,2022-01-07,Web,Mediterranean,Contract,15,13001.08,14785.51,36,20778.13,5675.3,0.46812,125,2,3,0.80156,0,3,620,2371.3,4288.52,Rent,Debt consolidation,43,Verified,Female,30-39,1
APP-0019432,2022-01-07,Branch,Marmara,Retired,75,17241.98,37627.11,36,44640.73,11824.87,0.74644,57,0,0,0.53882,1,5,661,53924.29,3765.41,Owner,Education,88,Unverified,Male,21-29,1
APP-0021508,2022-01-07,Branch,Marmara,Salaried,45,52943.51,86173.58,24,43265.47,20017.85,0.44592,36,0,0,0.25997,1,5,690,57477.97,54290.91,Owner,Home improvement,26,Verified,Female,21-29,0
APP-0022892,2022-01-07,Partner,Marmara,Contract,138,22084.47,21523.85,36,102104.56,7191.63,0.35271,245,0,1,0.72229,1,3,608,10027.88,94808.61,Family,Vehicle,25,Verified,Female,40-49,0
APP-0023386,2022-01-07,Mobile,Marmara,Salaried,11,74358.15,47538.95,36,196771.03,36920.65,0.51428,84,0,1,0.15853,0,7,705,155673.42,22510.58,Owner,Home improvement,184,Verified,Male,21-29,0
APP-0023733,2022-01-07,Partner,Marmara,Salaried,48,20053.47,53025.13,60,109470.66,6124.56,0.34948,252,0,0,0.17115,2,5,734,84418.32,7677.44,Family,Education,129,Verified,Male,40-49,0
APP-0024035,2022-01-07,Mobile,Marmara,Self-employed,133,88152.54,83265.92,36,153212.9,5069.54,0.08375,48,0,0,0.21426,0,3,686,92019.34,60412.67,Rent,Home improvement,6,Verified,Male,21-29,0
APP-0025604,2022-01-07,Mobile,Marmara,Salaried,26,26053.08,15437.94,24,20706.29,7698.72,0.32019,23,0,0,0.24195,3,3,674,22642.3,47792.06,Owner,Education,99,Verified,Male,21-29,1
APP-0026562,2022-01-07,Web,Marmara,Salaried,51,44394.95,43104.9,36,126780.55,11849.52,0.29388,218,0,0,0.5389,0,7,679,12210.81,23090.62,Rent,Debt consolidation,7,Verified,Female,40-49,0
APP-0028935,2022-01-07,Web,Marmara,Contract,104,17213.9,20449.48,60,64725.77,9286.76,0.55929,169,0,1,0.64708,0,5,626,78583.88,6498.7,Rent,Home improvement,123,Unverified,Female,30-39,0
APP-0033143,2022-01-07,Mobile,Marmara,Retired,72,32252.27,29670.66,36,114391.26,4972.69,0.17974,261,1,2,0.34455,1,3,699,77317.48,66457.68,Rent,Debt consolidation,22,Verified,Male,50-59,0
APP-0034100,2022-01-07,Web,Central Anatolia,Salaried,144,57258.18,51133.57,36,170066.14,17814.26,0.33593,176,0,3,0.34467,2,7,646,64551.36,18944.29,Mortgage,Debt consolidation,19,Verified,Female,40-49,1
APP-0034622,2022-01-07,Partner,Central Anatolia,Salaried,61,23753.83,19219.19,36,38981.13,1852.44,0.10046,171,0,1,0.26867,1,3,705,109793.8,15034.3,Family,Education,35,Verified,Male,40-49,0
APP-0037631,2022-01-07,Branch,Aegean,Self-employed,115,37437.7,72851.35,36,60851.43,9165.55,0.29888,84,0,0,0.34059,1,4,667,117641.69,6702.2,Rent,Home improvement,77,Verified,Female,40-49,0
APP-0040150,2022-01-07,Mobile,Marmara,Salaried,64,39563.87,36806.57,24,61738.46,3934.29,0.1382,12,0,0,0.29579,1,6,673,22656.18,11339.27,Rent,Vehicle,9,Verified,Female,21-29,0
APP-0000343,2022-01-08,Mobile,Central Anatolia,Salaried,86,15396.21,10000.0,36,15085.0,4228.98,0.29272,145,3,4,0.14097,0,2,605,107753.29,16035.92,Rent,Other,80,Verified,Male,40-49,0
APP-0001186,2022-01-08,Partner,Marmara,Public sector,84,50896.44,29927.92,12,204982.92,10290.38,0.25118,128,1,2,0.17493,1,7,613,35729.0,32382.19,Rent,Other,19,Verified,Male,60-74,1
APP-0002595,2022-01-08,Web,Aegean,Salaried,205,27438.26,13448.44,36,42610.0,5549.05,0.21585,96,2,3,0.54012,2,5,605,48746.56,17073.58,Mortgage,Home improvement,28,Verified,Female,50-59,0
APP-0002730,2022-01-08,Web,Aegean,Self-employed,70,123620.86,230293.24,12,268517.72,32998.84,0.42218,65,0,1,0.05902,0,5,721,88801.31,58015.41,Owner,Medical,21,Verified,Male,40-49,0
APP-0004335,2022-01-08,Branch,Marmara,Salaried,70,95694.72,66152.73,18,354330.47,20579.44,0.25346,314,2,3,0.38256,0,10,656,426474.04,10001.81,Owner,Debt consolidation,27,Unverified,Female,50-59,0
APP-0005315,2022-01-08,Branch,Black Sea,Salaried,35,35155.35,33363.29,36,64425.75,6546.78,0.21259,101,0,1,0.61272,1,1,665,50560.03,9948.44,Rent,Debt consolidation,38,Verified,Female,30-39,0
