application_id,application_date,channel,region,employment_type,employment_tenure_months,monthly_income,requested_amount,term_months,existing_debt,monthly_debt_payment,debt_to_income,credit_history_months,delinquencies_12m,delinquencies_36m,revolving_utilization,inquiries_6m,open_accounts,bureau_score,savings_balance,current_account_balance,housing_status,purpose,prior_customer_months,income_verified,gender,age_band,default_12m,sample_split,predicted_pd,credit_score,risk_band,recommendation,lgd_assumption,ead_assumption,expected_loss,human_review_required
APP-0002419,2025-01-01,Web,Central Anatolia,Contract,39,24302.6,13666.26,24,18333.06,7110.16,0.316,164,0,1,0.59879,1,6,619,13685.3,16304.43,Owner,Other,11,Verified,Male,40-49,0,out_of_time,0.2948587227019769,554,F,DECLINE_RECOMMENDATION,0.45,13666.26,1813.3271854709035,True
APP-0004263,2025-01-01,Mobile,Black Sea,Public sector,82,29252.94,33588.42,60,195480.63,8415.47,0.30682,206,0,1,0.78453,2,3,561,48229.64,17172.98,Owner,Education,71,Verified,Female,30-39,0,out_of_time,0.3136206591291993,548,F,DECLINE_RECOMMENDATION,0.45,33588.42,4740.310088778771,True
APP-0004504,2025-01-01,Web,Marmara,Self-employed,127,34312.32,21408.59,12,345608.31,11695.51,0.39285,124,1,2,0.47772,2,3,613,16182.22,40378.77,Mortgage,Other,13,Verified,Female,40-49,0,out_of_time,0.3547777409110377,535,F,DECLINE_RECOMMENDATION,0.45,21408.59,3417.881038330785,True
APP-0006780,2025-01-01,Web,Mediterranean,Public sector,54,22751.35,13986.7,24,89653.41,10692.99,0.49561,171,2,2,0.19703,0,4,673,44024.82,11842.31,Mortgage,Vehicle,15,Verified,Female,40-49,0,out_of_time,0.23365072031546943,577,F,DECLINE_RECOMMENDATION,0.45,13986.7,1470.6011384263695,True
APP-0007107,2025-01-01,Branch,Central Anatolia,Self-employed,65,37082.29,46019.11,24,33388.24,2007.35,0.10584,184,0,0,0.41973,2,4,658,14803.12,6170.74,Owner,Vehicle,78,Unverified,Male,40-49,0,out_of_time,0.10928216876128627,643,D,REFER,0.45,46019.11,2263.0806653688887,True
APP-0007929,2025-01-01,Web,Aegean,Retired,136,37505.93,18043.29,60,23959.77,9911.62,0.27229,450,0,0,0.56833,0,4,728,37584.17,11329.32,Rent,Medical,30,Unverified,Male,50-59,0,out_of_time,0.05937755431609998,691,B,APPROVE_RECOMMENDATION,0.45,18043.29,482.11489440726467,False
APP-0008524,2025-01-01,Mobile,Central Anatolia,Self-employed,109,88028.6,44951.83,24,242983.44,17172.87,0.21636,144,0,1,0.51936,0,4,649,30871.89,6782.67,Rent,Home improvement,8,Verified,Male,30-39,0,out_of_time,0.1113805377004899,641,D,REFER,0.45,44951.83,2253.041548209456,True
APP-0009752,2025-01-01,Branch,Aegean,Salaried,81,71292.5,28768.75,60,98983.54,6721.0,0.101,241,0,0,0.50479,0,9,712,146386.31,45719.75,Rent,Debt consolidation,58,Verified,Female,50-59,0,out_of_time,0.06498417490355649,684,C,APPROVE_RECOMMENDATION,0.45,28768.75,841.2810667905109,False
APP-0011304,2025-01-01,Branch,Marmara,Salaried,97,124581.51,48115.49,24,987450.78,16026.8,0.14474,100,0,1,0.12264,1,9,732,30657.07,27883.41,Mortgage,Home improvement,103,Verified,Male,30-39,0,out_of_time,0.038039457385960096,725,B,APPROVE_RECOMMENDATION,0.45,48115.49,823.6292091568151,False
APP-0011587,2025-01-01,Branch,Mediterranean,Salaried,143,100037.6,41933.88,24,177390.86,39969.76,0.41701,125,0,0,0.54546,1,3,630,692364.96,78865.17,Rent,Home improvement,35,Verified,Female,30-39,1,out_of_time,0.19009530531146185,596,E,REFER,0.45,41933.88,3587.1451746723915,True
APP-0011613,2025-01-01,Branch,Marmara,Salaried,80,29913.0,43777.92,36,65672.55,2114.43,0.11134,234,1,1,0.18668,2,2,708,17325.22,11900.29,Mortgage,Other,19,Verified,Male,40-49,0,out_of_time,0.07127731762242336,677,C,APPROVE_RECOMMENDATION,0.45,43777.92,1404.1677189100678,False
APP-0012577,2025-01-01,Branch,Aegean,Public sector,87,31979.34,61274.49,36,19272.92,4394.64,0.19065,196,0,0,0.44125,0,4,749,15020.24,13808.95,Rent,Home improvement,90,Verified,Female,40-49,0,out_of_time,0.030718301890295036,740,B,APPROVE_RECOMMENDATION,0.45,61274.49,847.011726897239,False
APP-0012722,2025-01-01,Branch,Aegean,Salaried,135,43771.46,83914.5,60,84579.31,15672.01,0.38999,112,1,2,0.22794,2,8,707,104501.79,15927.77,Owner,Vehicle,77,Verified,Female,30-39,0,out_of_time,0.17422019777733488,604,E,REFER,0.45,83914.5,6578.820353873776,True
APP-0012811,2025-01-01,Branch,Black Sea,Salaried,56,56802.14,111421.01,24,90208.41,11789.24,0.28928,129,0,2,0.51859,0,4,645,44171.63,11219.61,Family,Other,48,Verified,Male,30-39,0,out_of_time,0.1711238912374371,605,E,REFER,0.45,111421.01,8580.058558562425,True
APP-0015661,2025-01-01,Partner,Black Sea,Salaried,104,63054.87,77974.16,36,177754.62,47685.84,0.79061,143,1,2,0.32271,2,4,590,2660.94,38417.29,Rent,Home improvement,20,Verified,Male,30-39,1,out_of_time,0.5219547354930099,485,F,DECLINE_RECOMMENDATION,0.45,77974.16,18314.541926140333,True
APP-0016575,2025-01-01,Branch,Black Sea,Retired,112,22133.07,34326.0,60,39435.63,4411.53,0.22517,174,0,0,0.1564,0,5,791,57228.03,19967.1,Owner,Medical,134,Verified,Female,40-49,1,out_of_time,0.02339938854103125,761,A,APPROVE_RECOMMENDATION,0.45,34326.0,361.44333497674745,False
APP-0020158,2025-01-01,Mobile,Mediterranean,Salaried,114,18603.34,18564.95,12,33425.89,2303.76,0.207,124,0,0,0.39995,0,2,689,18169.83,17998.51,Mortgage,Vehicle,31,Unverified,Female,40-49,0,out_of_time,0.08258938595060704,665,C,APPROVE_RECOMMENDATION,0.45,18564.95,689.970519316675,False
APP-0024516,2025-01-01,Partner,Mediterranean,Public sector,57,58170.54,67575.09,24,100004.71,10959.66,0.23681,122,2,2,0.36984,0,4,641,149582.87,21636.98,Family,Home improvement,46,Verified,Male,40-49,0,out_of_time,0.2815655227164598,559,F,DECLINE_RECOMMENDATION,0.45,67575.09,8562.066992307817,True
APP-0025467,2025-01-01,Mobile,Central Anatolia,Salaried,57,23140.64,28144.37,60,57160.8,6982.6,0.32202,202,0,0,0.13065,2,3,742,62679.38,4065.47,Mortgage,Other,58,Verified,Female,40-49,0,out_of_time,0.047596837453033024,708,B,APPROVE_RECOMMENDATION,0.45,28144.37,602.8123518486086,False
APP-0027207,2025-01-01,Partner,Central Anatolia,Public sector,56,20940.66,46247.42,24,64906.27,5427.95,0.35123,170,0,1,0.50703,1,4,667,21144.98,3156.36,Mortgage,Debt consolidation,85,Verified,Female,30-39,0,out_of_time,0.17646568468395163,603,E,REFER,0.45,46247.42,3672.4871858248252,True
APP-0031093,2025-01-01,Web,Marmara,Public sector,139,28274.44,53746.0,24,98398.47,9765.85,0.4246,201,0,0,0.43387,1,4,646,90046.4,8668.11,Owner,Vehicle,50,Verified,Male,40-49,0,out_of_time,0.11569558415248267,638,D,REFER,0.45,53746.0,2798.1786896367003,True
APP-0033646,2025-01-01,Mobile,Aegean,Salaried,70,29709.49,33958.11,48,119731.09,5661.14,0.21436,134,0,0,0.51577,2,4,634,35530.65,15286.92,Rent,Vehicle,8,Unverified,Male,30-39,0,out_of_time,0.19705418431690866,593,E,REFER,0.45,33958.11,3011.2144501472367,True
APP-0035330,2025-01-01,Mobile,Marmara,Salaried,76,25885.23,13539.36,18,130981.87,6207.82,0.26888,220,0,0,0.05389,2,1,668,29171.72,14341.75,Family,Debt consolidation,87,Unverified,Female,30-39,0,out_of_time,0.10016853413133686,650,D,REFER,0.45,13539.36,610.2980299244057,True
APP-0036180,2025-01-01,Partner,Marmara,Salaried,113,43547.46,76652.68,36,135769.67,6634.05,0.20124,457,1,2,0.40608,0,6,690,30730.46,47144.85,Owner,Home improvement,77,Verified,Female,60-74,0,out_of_time,0.07974179349250757,668,C,APPROVE_RECOMMENDATION,0.45,76652.68,2750.5899806432694,False
APP-0040513,2025-01-01,Mobile,Aegean,Salaried,67,76495.69,86740.59,60,272616.19,9985.67,0.14944,158,1,1,0.45633,2,6,689,29484.7,22744.24,Family,Debt consolidation,12,Verified,Female,40-49,0,out_of_time,0.18984137571093018,596,E,REFER,0.45,86740.59,7410.128821009988,True
APP-0042141,2025-01-01,Mobile,Central Anatolia,Salaried,156,53533.23,240815.51,24,117553.57,22098.38,0.60023,144,0,0,0.18876,1,7,751,76975.86,12112.89,Owner,Other,13,Verified,Female,30-39,0,out_of_time,0.06309951171010535,686,C,APPROVE_RECOMMENDATION,0.45,240815.51,6837.903491948997,False
APP-0043484,2025-01-01,Mobile,Central Anatolia,Public sector,166,32224.17,27279.88,48,32660.22,12272.62,0.39849,34,0,1,0.8224,1,7,639,8325.24,13098.34,Owner,Debt consolidation,36,Verified,Male,21-29,1,out_of_time,0.3212766800452433,545,F,DECLINE_RECOMMENDATION,0.45,27279.88,3943.9751752946845,True
APP-0043671,2025-01-01,Branch,Marmara,Retired,13,17722.16,14480.49,12,14727.67,3677.81,0.27562,61,0,0,0.25031,0,7,678,31722.81,4831.42,Mortgage,Medical,48,Verified,Female,30-39,0,out_of_time,0.10042778431517144,650,D,REFER,0.45,14480.49,654.4095869240986,True
APP-0045870,2025-01-01,Mobile,Mediterranean,Retired,40,22974.5,10000.0,36,71256.61,6525.71,0.29613,100,2,2,0.11488,0,7,711,3126.03,14795.98,Rent,Education,39,Unverified,Male,30-39,0,out_of_time,0.19467695324065767,594,E,REFER,0.45,10000.0,876.0462895829596,True
APP-0047107,2025-01-01,Mobile,Central Anatolia,Retired,107,19533.14,10000.0,12,19564.5,13830.9,0.75074,102,0,2,0.63962,1,5,621,12125.45,9460.36,Rent,Education,68,Verified,Female,50-59,0,out_of_time,0.43202310485177664,511,F,DECLINE_RECOMMENDATION,0.45,10000.0,1944.103971832995,True
APP-0001049,2025-01-02,Mobile,Central Anatolia,Salaried,70,20697.27,42618.42,48,97065.72,5864.27,0.32623,263,0,0,0.55511,1,3,691,25811.09,49126.01,Rent,Debt consolidation,26,Unverified,Male,40-49,0,out_of_time,0.13411573475863034,626,D,REFER,0.45,42618.42,2572.110320648358,True
APP-0001816,2025-01-02,Mobile,Aegean,Salaried,44,30046.1,23996.23,24,68030.46,4574.5,0.18553,184,1,1,0.51211,1,2,747,16627.96,27944.79,Rent,Vehicle,3,Verified,Female,50-59,0,out_of_time,0.0928363581491007,656,C,APPROVE_RECOMMENDATION,0.45,23996.23,1002.4751711286876,False
APP-0003271,2025-01-02,Web,Mediterranean,Salaried,49,22099.04,21793.98,36,145707.41,7047.8,0.34631,203,0,0,0.27043,2,6,730,45994.28,8660.42,Rent,Vehicle,14,Verified,Male,30-39,0,out_of_time,0.05767934802159846,693,B,APPROVE_RECOMMENDATION,0.45,21793.98,565.6781507380904,False
APP-0004482,2025-01-02,Mobile,Mediterranean,Salaried,52,40893.26,23610.1,24,298383.94,8487.99,0.23162,247,0,0,0.08981,1,7,725,17913.49,18179.78,Mortgage,Education,35,Verified,Male,40-49,0,out_of_time,0.032449608624852,736,B,APPROVE_RECOMMENDATION,0.45,23610.1,344.7623270671282,False
APP-0005539,2025-01-02,Web,Mediterranean,Public sector,98,48557.96,27396.07,24,94311.16,20736.6,0.45056,270,1,1,0.50407,2,6,676,11995.84,29070.78,Mortgage,Education,84,Verified,Female,40-49,0,out_of_time,0.17496504670897378,603,E,REFER,0.45,27396.07,2157.009600236542,True
APP-0005546,2025-01-02,Partner,Central Anatolia,Salaried,152,43562.21,22259.31,36,81019.63,18634.02,0.44195,39,0,1,0.5224,3,9,640,32969.59,13346.54,Mortgage,Debt consolidation,33,Verified,Female,40-49,1,out_of_time,0.36308749384521016,532,F,DECLINE_RECOMMENDATION,0.45,22259.31,3636.9346871806315,True
APP-0005935,2025-01-02,Branch,Marmara,Salaried,74,35330.36,44689.58,36,100230.95,12560.19,0.39064,212,0,0,0.5349,2,7,700,45978.93,23942.72,Rent,Debt consolidation,88,Verified,Female,50-59,1,out_of_time,0.12984250610888895,629,D,REFER,0.45,44689.58,2611.173178869157,True
APP-0007636,2025-01-02,Mobile,Central Anatolia,Salaried,17,20271.87,10000.0,36,40573.34,6447.3,0.33174,195,1,1,0.36889,0,2,697,4184.61,8311.56,Rent,Other,10,Verified,Female,30-39,0,out_of_time,0.12959967911190004,629,D,REFER,0.45,10000.0,583.1985560035502,True
APP-0008152,2025-01-02,Branch,Aegean,Public sector,76,51390.12,57486.73,24,126435.88,4715.38,0.13837,111,0,0,0.46945,2,2,632,64050.5,17408.22,Owner,Vehicle,40,Verified,Female,50-59,1,out_of_time,0.12743935878911244,630,D,REFER,0.45,57486.73,3296.732404537275,True
APP-0008226,2025-01-02,Mobile,Aegean,Salaried,26,25085.19,10000.0,48,44133.62,17033.64,0.68734,20,0,1,0.61848,2,7,637,19699.96,16167.64,Rent,Debt consolidation,70,Unverified,Female,21-29,0,out_of_time,0.5735731788629513,470,F,DECLINE_RECOMMENDATION,0.45,10000.0,2581.0793048832807,True
APP-0009637,2025-01-02,Mobile,Mediterranean,Self-employed,85,97026.47,63698.43,48,193714.77,44058.7,0.46777,330,0,1,0.37238,1,8,765,406264.72,8479.26,Rent,Education,51,Verified,Female,40-49,0,out_of_time,0.05667570005235931,694,B,APPROVE_RECOMMENDATION,0.45,63698.43,1624.5689006187927,False
APP-0010801,2025-01-02,Web,Marmara,Salaried,85,75622.61,86538.22,18,138795.52,18152.94,0.30362,153,1,2,0.49546,1,11,663,59405.91,19042.24,Family,Medical,33,Verified,Female,40-49,0,out_of_time,0.2654673259167733,565,F,DECLINE_RECOMMENDATION,0.45,86538.22,10337.881433848843,True
APP-0010905,2025-01-02,Web,Mediterranean,Salaried,74,67404.06,43005.37,48,73290.22,13775.37,0.21766,186,0,0,0.78502,2,5,614,64594.31,13005.95,Rent,Debt consolidation,42,Verified,Male,30-39,0,out_of_time,0.25153583386861655,570,F,DECLINE_RECOMMENDATION,0.45,43005.37,4867.826221700274,True
APP-0012094,2025-01-02,Web,Marmara,Salaried,78,42260.22,79634.88,60,191684.33,15428.65,0.39649,83,0,0,0.59458,1,7,672,10795.62,21248.02,Owner,Debt consolidation,55,Verified,Male,21-29,0,out_of_time,0.18837462052894602,597,E,REFER,0.45,79634.88,6750.535635390669,True
APP-0013588,2025-01-02,Mobile,Marmara,Self-employed,93,26601.65,36529.51,48,18789.65,3129.51,0.14625,440,1,1,0.28833,0,4,713,15499.15,7599.83,Owner,Debt consolidation,39,Verified,Male,50-59,0,out_of_time,0.05714956669141311,694,B,APPROVE_RECOMMENDATION,0.45,36529.51,939.4405505773391,False
APP-0014503,2025-01-02,Partner,Central Anatolia,Self-employed,183,30974.59,45788.49,36,154643.69,5958.0,0.23341,238,0,0,0.59216,1,5,740,8239.17,6824.01,Rent,Other,25,Verified,Female,40-49,0,out_of_time,0.056887043255874396,694,B,APPROVE_RECOMMENDATION,0.45,45788.49,1172.1473150630275,False
APP-0014515,2025-01-02,Mobile,Black Sea,Salaried,45,47981.58,16864.71,24,158207.31,16142.56,0.35108,195,0,0,0.37281,1,5,733,8555.9,11843.72,Owner,Vehicle,12,Verified,Female,40-49,0,out_of_time,0.06205476491730202,687,C,APPROVE_RECOMMENDATION,0.45,16864.71,470.94102650181264,False
APP-0014627,2025-01-02,Web,Black Sea,Public sector,35,44225.27,17040.12,24,17773.12,5126.26,0.13197,197,0,0,0.19949,1,1,681,35109.96,9955.76,Family,Vehicle,6,Verified,Female,30-39,0,out_of_time,0.04545126077386595,711,B,APPROVE_RECOMMENDATION,0.45,17040.12,348.5227219820859,False
APP-0015837,2025-01-02,Mobile,Aegean,Self-employed,67,55830.95,53393.78,48,131088.55,4996.83,0.10942,157,0,0,0.66526,0,8,650,8990.02,206787.11,Mortgage,Home improvement,58,Unverified,Female,30-39,0,out_of_time,0.1379114535144258,624,D,REFER,0.45,53393.78,3313.626213793265,True
APP-0016101,2025-01-02,Web,Marmara,Contract,41,32901.32,55419.22,48,168504.82,3856.19,0.1523,42,0,0,0.17112,1,6,645,28252.78,16537.92,Family,Vehicle,140,Unverified,Female,21-29,0,out_of_time,0.15603327928096053,613,E,REFER,0.45,55419.22,3891.259184306847,True
APP-0016348,2025-01-02,Mobile,Marmara,Salaried,90,33134.11,45473.14,24,117171.26,8611.24,0.31707,166,0,0,0.36588,0,6,726,24122.91,3234.81,Family,Debt consolidation,56,Verified,Male,30-39,1,out_of_time,0.0693649144249818,679,C,APPROVE_RECOMMENDATION,0.45,45473.14,1419.4082091308476,False
APP-0016425,2025-01-02,Partner,Mediterranean,Public sector,91,22375.43,31334.36,36,77806.27,1156.79,0.0906,238,0,0,0.43329,2,2,707,7437.95,2326.7,Rent,Vehicle,25,Verified,Male,40-49,0,out_of_time,0.05082415608546435,703,B,APPROVE_RECOMMENDATION,0.45,31334.36,716.6440815651589,False
APP-0017603,2025-01-02,Web,Marmara,Public sector,80,37689.81,46084.33,60,68737.38,17045.69,0.47264,143,1,1,0.29024,1,4,737,9313.47,24463.79,Owner,Debt consolidation,22,Verified,Male,50-59,0,out_of_time,0.13679554981748931,624,D,REFER,0.45,46084.33,2836.859067144278,True
APP-0018245,2025-01-02,Mobile,Marmara,Salaried,156,12000.0,10000.0,12,16722.57,1288.25,0.1768,92,1,3,0.67606,1,4,625,26552.89,3130.76,Rent,Vehicle,56,Verified,Male,21-29,1,out_of_time,0.31763526467758557,547,F,DECLINE_RECOMMENDATION,0.45,10000.0,1429.3586910491351,True
APP-0018336,2025-01-02,Web,Central Anatolia,Salaried,56,19699.67,57749.08,24,63298.85,7125.15,0.48383,148,1,2,0.33998,2,3,676,61708.74,14849.41,Rent,Debt consolidation,25,Unverified,Male,40-49,0,out_of_time,0.34416889300702047,538,F,DECLINE_RECOMMENDATION,0.45,57749.08,8943.946621098241,True
APP-0021429,2025-01-02,Partner,Marmara,Contract,94,30263.15,27084.31,48,148880.83,5728.5,0.20793,218,0,0,0.39305,0,6,720,19533.16,7733.56,Rent,Other,27,Unverified,Male,60-74,0,out_of_time,0.0981915206245344,651,C,APPROVE_RECOMMENDATION,0.45,27084.31,1196.7523127848276,False
APP-0021771,2025-01-02,Branch,Mediterranean,Public sector,52,26159.63,52156.11,60,139540.22,2541.5,0.13038,174,2,2,0.26227,0,1,643,6472.86,24614.05,Family,Vehicle,38,Verified,Female,30-39,1,out_of_time,0.17723382749741023,602,E,REFER,0.45,52156.11,4159.722151204179,True
APP-0024274,2025-01-02,Web,Marmara,Salaried,120,15198.41,13688.5,60,155430.87,1429.36,0.10906,167,1,2,0.62909,0,1,624,5016.51,8722.88,Mortgage,Home improvement,43,Verified,Male,30-39,0,out_of_time,0.18074360086906957,601,E,REFER,0.45,13688.5,1113.3489512233164,True
APP-0027033,2025-01-02,Partner,Black Sea,Salaried,52,50734.26,41890.41,60,46604.06,3893.12,0.0905,207,0,1,0.23709,1,5,691,27701.15,100736.62,Owner,Debt consolidation,81,Verified,Male,40-49,0,out_of_time,0.08012928258793169,668,C,APPROVE_RECOMMENDATION,0.45,41890.41,1510.4918252764437,False
APP-0027601,2025-01-02,Mobile,Marmara,Salaried,18,31661.91,69273.63,60,130701.59,5339.85,0.20512,89,0,0,0.54673,2,2,691,1992.68,9787.09,Mortgage,Home improvement,65,Verified,Male,21-29,0,out_of_time,0.10001643172780043,650,D,REFER,0.45,69273.63,3117.8255784443586,True
APP-0027700,2025-01-02,Web,Aegean,Salaried,85,130878.36,133148.0,24,172098.64,14563.96,0.15367,461,0,1,0.32673,0,6,730,47486.77,12204.82,Owner,Home improvement,88,Unverified,Female,50-59,0,out_of_time,0.036115431490512634,728,B,APPROVE_RECOMMENDATION,0.45,133148.0,2163.9138624444495,False
APP-0032549,2025-01-02,Web,Aegean,Salaried,30,35399.21,17819.81,60,205995.67,5011.11,0.14995,89,1,2,0.40862,1,7,610,14661.13,35770.87,Mortgage,Home improvement,16,Unverified,Male,30-39,1,out_of_time,0.3132820508601,548,F,DECLINE_RECOMMENDATION,0.45,17819.81,2512.181980231794,True
APP-0032884,2025-01-02,Web,Central Anatolia,Public sector,82,28849.17,37302.75,48,136501.5,7538.32,0.28824,66,0,2,0.29119,0,2,705,95249.15,3668.6,Owner,Debt consolidation,74,Verified,Male,30-39,0,out_of_time,0.10031098923970823,650,D,REFER,0.45,37302.75,1683.8440892376868,True
APP-0033399,2025-01-02,Branch,Marmara,Self-employed,38,43740.22,18540.21,60,52836.9,13975.55,0.32658,116,0,1,0.1265,2,4,716,111724.1,12960.37,Rent,Debt consolidation,30,Verified,Female,30-39,0,out_of_time,0.09845676764478585,651,C,APPROVE_RECOMMENDATION,0.45,18540.21,821.4341166249907,False
APP-0034386,2025-01-02,Partner,Mediterranean,Self-employed,51,41977.24,45217.69,18,68371.88,19809.82,0.53176,210,1,2,0.57007,4,5,606,142958.22,8668.54,Family,Debt consolidation,21,Unverified,Female,40-49,1,out_of_time,0.6839030451495673,436,F,DECLINE_RECOMMENDATION,0.45,45217.69,13916.032148533113,True
APP-0035570,2025-01-02,Partner,Marmara,Salaried,119,34829.04,40565.62,48,254399.06,6155.71,0.20101,213,0,1,0.19594,1,5,720,75965.01,12848.59,Mortgage,Medical,67,Verified,Male,50-59,0,out_of_time,0.06031811579849154,690,C,APPROVE_RECOMMENDATION,0.45,40565.62,1101.0787940689222,False
APP-0035842,2025-01-02,Branch,Mediterranean,Salaried,88,27883.14,18496.37,36,124617.52,8860.87,0.33621,115,0,0,0.2183,0,6,707,23076.37,11210.33,Mortgage,Other,122,Verified,Male,30-39,0,out_of_time,0.06118275398573275,688,C,APPROVE_RECOMMENDATION,0.45,18496.37,509.2464849025895,False
APP-0041719,2025-01-02,Mobile,Black Sea,Public sector,93,52759.33,39180.92,24,75414.32,17269.87,0.35828,25,0,0,0.47489,0,5,637,8732.91,9995.22,Mortgage,Medical,53,Verified,Male,21-29,0,out_of_time,0.1702874078722226,606,E,REFER,0.45,39180.92,3002.407787182016,True
APP-0042280,2025-01-02,Web,Marmara,Salaried,107,53195.9,98353.87,48,63215.41,17792.25,0.37299,295,0,1,0.32148,0,6,699,109631.69,46599.65,Rent,Vehicle,2,Verified,Female,40-49,0,out_of_time,0.0637623073417264,685,C,APPROVE_RECOMMENDATION,0.45,98353.87,2822.071359234692,False
APP-0001714,2025-01-03,Mobile,Marmara,Salaried,91,21520.81,30406.21,36,32191.6,4689.39,0.25715,170,0,2,0.48173,1,6,644,47283.54,34693.69,Rent,Home improvement,25,Unverified,Female,30-39,0,out_of_time,0.18402298627660438,599,E,REFER,0.45,30406.21,2517.948704499098,True
APP-0004080,2025-01-03,Branch,Central Anatolia,Retired,66,19192.8,13415.59,60,34663.7,7486.07,0.4017,203,0,0,0.19271,3,6,680,150959.91,3832.28,Rent,Home improvement,38,Verified,Female,30-39,0,out_of_time,0.09296114332348902,656,C,APPROVE_RECOMMENDATION,0.45,13415.59,561.2078631416247,False
APP-0005737,2025-01-03,Web,Black Sea,Salaried,87,35040.23,10000.0,36,181265.38,9394.34,0.27603,119,0,0,0.74315,1,5,660,156242.46,17246.62,Owner,Vehicle,61,Verified,Male,30-39,0,out_of_time,0.15297018295936313,615,E,REFER,0.45,10000.0,688.3658233171342,True
APP-0006450,2025-01-03,Mobile,Central Anatolia,Contract,43,53038.68,102043.71,36,70922.89,7118.96,0.18767,150,0,0,0.61296,1,3,687,38389.44,19068.77,Rent,Medical,80,Verified,Female,40-49,0,out_of_time,0.15168957989311282,616,E,REFER,0.45,102043.71,6965.535375285586,True
APP-0007719,2025-01-03,Web,Aegean,Salaried,58,38878.32,10000.0,18,61774.81,11608.95,0.31289,121,0,0,0.44328,1,4,697,18261.54,66655.99,Mortgage,Other,13,Verified,Female,40-49,0,out_of_time,0.10310931543824355,648,D,REFER,0.45,10000.0,463.99191947209596,True
APP-0008122,2025-01-03,Branch,Marmara,Public sector,42,43496.92,41329.78,48,231811.31,20868.61,0.49957,230,0,0,0.59955,3,5,686,40314.86,56455.49,Mortgage,Education,38,Unverified,Female,40-49,1,out_of_time,0.18700722844573012,598,E,REFER,0.45,41329.78,3478.0354245322956,True
APP-0008914,2025-01-03,Web,Aegean,Salaried,38,99367.81,150935.44,24,52667.97,42115.95,0.48713,202,1,1,0.27607,1,7,671,78021.79,112810.56,Mortgage,Home improvement,34,Verified,Female,40-49,0,out_of_time,0.1811676717313061,600,E,REFER,0.45,150935.44,12305.080010943113,True
APP-0012405,2025-01-03,Mobile,Central Anatolia,Self-employed,63,26031.21,182501.55,48,42541.43,6567.83,0.39837,211,0,1,0.46448,1,3,661,32603.41,11088.01,Rent,Education,40,Verified,Female,40-49,1,out_of_time,0.12472696366165523,632,D,REFER,0.45,182501.55,10243.28888777059,True
APP-0013003,2025-01-03,Branch,Marmara,Salaried,62,28188.42,65239.43,18,143903.07,5167.44,0.3119,197,0,0,0.12588,0,3,724,37782.6,9073.32,Owner,Education,117,Verified,Male,30-39,0,out_of_time,0.03585387191145827,729,B,APPROVE_RECOMMENDATION,0.45,65239.43,1052.5887750584468,False
APP-0013010,2025-01-03,Web,Marmara,Salaried,145,41866.26,89599.29,36,250720.43,5484.63,0.19045,204,2,3,0.43982,2,4,610,197109.87,22700.24,Owner,Debt consolidation,2,Unverified,Female,40-49,1,out_of_time,0.49064015888290774,494,F,DECLINE_RECOMMENDATION,0.45,89599.29,19782.454446628075,True
APP-0015349,2025-01-03,Mobile,Black Sea,Salaried,51,50469.08,33263.24,36,216239.47,3791.44,0.09343,31,0,1,0.25481,4,6,676,68411.34,16959.74,Family,Debt consolidation,11,Verified,Female,21-29,0,out_of_time,0.14653638626894494,619,D,REFER,0.45,33263.24,2193.423743338479,True
APP-0019305,2025-01-03,Mobile,Black Sea,Salaried,60,42586.07,55500.7,36,161807.81,9241.16,0.2532,175,0,2,0.2433,1,7,683,85612.61,56615.65,Rent,Other,49,Unverified,Male,50-59,0,out_of_time,0.12245969661375354,634,D,REFER,0.45,55500.7,3058.4694977329277,True
APP-0020222,2025-01-03,Web,Mediterranean,Contract,35,29611.64,53117.68,60,93062.27,11311.52,0.41189,114,0,0,0.2679,1,5,694,18696.19,3733.26,Rent,Debt consolidation,58,Unverified,Male,30-39,0,out_of_time,0.19253474803889317,595,E,REFER,0.45,53117.68,4602.14961084475,True
APP-0021232,2025-01-03,Mobile,Mediterranean,Public sector,67,89048.15,153240.11,36,274535.19,14199.6,0.20726,258,1,1,0.18362,0,4,760,90858.39,25742.01,Rent,Other,56,Verified,Female,50-59,0,out_of_time,0.040502107369966525,720,B,APPROVE_RECOMMENDATION,0.45,153240.11,2792.9463248724664,False
APP-0022294,2025-01-03,Mobile,Aegean,Self-employed,51,37801.62,30378.52,36,13554.13,17905.49,0.49599,36,0,1,0.60658,1,6,585,125475.09,3806.54,Owner,Debt consolidation,57,Verified,Female,30-39,1,out_of_time,0.4891770120636878,495,F,DECLINE_RECOMMENDATION,0.45,30378.52,6687.213140032642,True
APP-0022315,2025-01-03,Branch,Aegean,Self-employed,277,41690.14,52694.6,60,201666.02,8529.64,0.22566,542,0,0,0.414,3,6,718,29850.94,27008.08,Owner,Medical,52,Verified,Male,60-74,0,out_of_time,0.03777412744729173,725,B,APPROVE_RECOMMENDATION,0.45,52694.6,895.7216412828263,False
APP-0022771,2025-01-03,Mobile,Black Sea,Salaried,69,39472.65,31488.42,18,177283.57,19746.72,0.54458,260,0,0,0.44239,1,2,712,78930.47,8987.68,Owner,Education,11,Verified,Male,40-49,0,out_of_time,0.0880016010672212,660,C,APPROVE_RECOMMENDATION,0.45,31488.42,1246.9641187846992,False
APP-0023868,2025-01-03,Partner,Central Anatolia,Contract,53,25930.01,12556.77,48,12438.02,7108.73,0.28424,73,1,1,0.60051,0,7,621,25639.35,11810.22,Owner,Debt consolidation,31,Verified,Female,21-29,1,out_of_time,0.480863428345001,497,F,DECLINE_RECOMMENDATION,0.45,12556.77,2717.1411620128465,True
APP-0024756,2025-01-03,Mobile,Aegean,Contract,168,36722.86,102908.23,18,65887.78,6604.02,0.33552,428,0,1,0.41254,1,10,735,18000.26,23823.72,Rent,Debt consolidation,16,Verified,Female,60-74,0,out_of_time,0.0783271955095543,669,C,APPROVE_RECOMMENDATION,0.45,102908.23,3627.230872838482,False
APP-0025021,2025-01-03,Partner,Marmara,Self-employed,140,37189.41,84179.78,36,59835.07,5261.98,0.20437,447,0,0,0.20499,0,5,697,38496.32,70084.48,Owner,Other,21,Verified,Male,50-59,0,out_of_time,0.03301587834689558,735,B,APPROVE_RECOMMENDATION,0.45,84179.78,1250.6712190867952,False
APP-0026781,2025-01-03,Mobile,Aegean,Self-employed,175,78636.73,40192.24,36,141385.41,11654.89,0.16241,303,0,0,0.38177,0,6,694,53619.47,22403.9,Owner,Medical,39,Verified,Male,40-49,1,out_of_time,0.054682776337366124,697,B,APPROVE_RECOMMENDATION,0.45,40192.24,989.020471687983,False
APP-0026836,2025-01-03,Web,Aegean,Salaried,76,37079.76,14329.95,36,15509.67,9954.27,0.27919,189,0,1,0.20349,0,4,701,45010.33,63417.57,Mortgage,Vehicle,19,Verified,Female,30-39,0,out_of_time,0.06318643660513576,686,C,APPROVE_RECOMMENDATION,0.45,14329.95,407.4563147533944,False
APP-0027887,2025-01-03,Mobile,Marmara,Salaried,188,49719.28,22765.62,12,66672.17,22982.79,0.50041,248,1,1,0.28474,1,4,685,20985.13,33375.4,Owner,Medical,52,Verified,Female,50-59,0,out_of_time,0.16686457077120437,607,E,REFER,0.45,22765.62,1709.4489343381554,True
APP-0029119,2025-01-03,Mobile,Marmara,Salaried,156,33095.11,48510.48,60,67917.82,6891.43,0.23266,125,0,0,0.32961,1,3,663,9945.09,7825.19,Mortgage,Education,46,Verified,Male,40-49,0,out_of_time,0.0790389221190821,669,C,APPROVE_RECOMMENDATION,0.45,48510.48,1725.3972228056807,False
APP-0036152,2025-01-03,Partner,Mediterranean,Salaried,69,34359.15,49784.23,60,70531.49,7100.26,0.2308,253,0,0,0.3202,0,5,649,21503.63,10505.74,Rent,Home improvement,42,Verified,Female,50-59,0,out_of_time,0.07357462129463341,674,C,APPROVE_RECOMMENDATION,0.45,49784.23,1648.2851409127175,False
APP-0038334,2025-01-03,Mobile,Aegean,Public sector,28,33935.09,29154.4,36,121175.56,8661.18,0.27909,55,0,0,0.62401,1,2,666,46521.43,39950.49,Rent,Other,53,Unverified,Male,30-39,0,out_of_time,0.19903408591879276,592,E,REFER,0.45,29154.4,2611.2237095298833,True
APP-0040846,2025-01-03,Mobile,Black Sea,Public sector,63,61560.23,28142.99,60,279409.17,13496.35,0.22686,187,1,3,0.64846,1,8,575,53874.92,60150.36,Rent,Other,7,Verified,Male,30-39,0,out_of_time,0.41713205667086023,516,F,DECLINE_RECOMMENDATION,0.45,28142.99,5282.704484805354,True
APP-0041332,2025-01-03,Branch,Black Sea,Public sector,46,67732.16,22438.51,36,49306.04,25740.34,0.38923,24,0,0,0.30279,0,2,696,66322.44,24257.54,Owner,Home improvement,24,Verified,Male,30-39,0,out_of_time,0.0800870374170016,668,C,APPROVE_RECOMMENDATION,0.45,22438.51,808.6652054782941,False
APP-0043192,2025-01-03,Mobile,Marmara,Public sector,73,23878.57,10000.0,18,21486.22,2195.58,0.11521,216,0,0,0.13351,1,4,712,51050.49,8107.46,Rent,Vehicle,77,Unverified,Male,40-49,0,out_of_time,0.03963682810723201,721,B,APPROVE_RECOMMENDATION,0.45,10000.0,178.36572648254403,False
APP-0043934,2025-01-03,Mobile,Marmara,Self-employed,81,44473.36,27555.05,36,19013.64,9206.9,0.22423,67,1,1,0.62137,1,9,614,11780.96,16942.11,Rent,Medical,55,Verified,Male,21-29,1,out_of_time,0.3562885233009306,534,F,DECLINE_RECOMMENDATION,0.45,27555.05,4417.896633292488,True
APP-0044067,2025-01-03,Mobile,Aegean,Salaried,96,84761.77,137195.79,48,408930.24,17159.96,0.23617,129,1,1,0.11033,1,9,678,254533.81,39189.71,Mortgage,Medical,63,Verified,Female,30-39,0,out_of_time,0.13914999673662454,623,D,REFER,0.45,137195.79,8590.857178850383,True
APP-0044497,2025-01-03,Partner,Central Anatolia,Public sector,191,59985.5,21557.45,60,117316.37,35671.46,0.60066,389,0,0,0.4339,0,7,757,58743.24,18494.02,Family,Vehicle,20,Verified,Female,50-59,0,out_of_time,0.0513053443017823,702,B,APPROVE_RECOMMENDATION,0.45,21557.45,497.7055775333056,False
APP-0045561,2025-01-03,Web,Marmara,Salaried,58,33857.57,10000.0,36,120826.65,14082.06,0.42412,86,0,0,0.53975,2,4,700,72411.2,19309.91,Rent,Debt consolidation,31,Verified,Male,21-29,1,out_of_time,0.17017978591684632,606,E,REFER,0.45,10000.0,765.8090366258084,True
APP-0046692,2025-01-03,Mobile,Aegean,Self-employed,258,32490.25,10000.0,36,120280.75,20754.95,0.64736,80,2,2,0.44429,1,1,639,42868.95,19088.78,Owner,Home improvement,5,Verified,Female,30-39,0,out_of_time,0.4640898629320375,502,F,DECLINE_RECOMMENDATION,0.45,10000.0,2088.404383194169,True
APP-0047821,2025-01-03,Web,Black Sea,Public sector,126,48386.02,40571.77,36,167423.24,22085.27,0.47973,22,0,0,0.12595,1,3,704,28346.32,10539.04,Owner,Home improvement,30,Verified,Male,21-29,0,out_of_time,0.06705898940534331,681,C,APPROVE_RECOMMENDATION,0.45,40571.77,1224.3158525637114,False
APP-0000491,2025-01-04,Web,Black Sea,Contract,124,64158.59,14940.49,18,38682.15,16935.98,0.27691,22,0,0,0.19472,0,6,712,489141.87,9040.55,Mortgage,Vehicle,105,Verified,Female,21-29,0,out_of_time,0.08780501584347465,660,C,APPROVE_RECOMMENDATION,0.45,14940.49,590.3324825216736,False
APP-0001168,2025-01-04,Mobile,Central Anatolia,Salaried,127,52456.21,10000.0,60,180097.31,8615.2,0.16741,250,0,0,0.17589,0,5,735,16312.89,5752.58,Rent,Home improvement,30,Verified,Female,50-59,0,out_of_time,0.023279349344590337,761,A,APPROVE_RECOMMENDATION,0.45,10000.0,104.7570720506565,False
APP-0001423,2025-01-04,Web,Aegean,Self-employed,107,48006.89,48732.1,36,147072.82,6482.09,0.16322,134,0,1,0.095,1,4,710,12730.75,9556.84,Family,Home improvement,7,Verified,Male,50-59,0,out_of_time,0.04420415838742119,713,B,APPROVE_RECOMMENDATION,0.45,48732.1,969.3726601282417,False
APP-0003287,2025-01-04,Branch,Marmara,Salaried,216,41988.97,10000.0,36,76384.74,8042.26,0.19815,119,0,0,0.36012,1,3,740,118314.2,19581.79,Owner,Debt consolidation,14,Verified,Female,40-49,0,out_of_time,0.0536322024614926,699,B,APPROVE_RECOMMENDATION,0.45,10000.0,241.3449110767167,False
APP-0005129,2025-01-04,Web,Aegean,Self-employed,79,19275.31,10000.0,36,69039.88,4690.58,0.25776,287,2,2,0.39956,0,6,709,30295.9,4579.96,Mortgage,Education,11,Verified,Female,40-49,0,out_of_time,0.1430453046729243,621,D,REFER,0.45,10000.0,643.7038710281594,True
APP-0006159,2025-01-04,Partner,Marmara,Salaried,70,61376.65,122314.65,36,99240.9,19567.2,0.37416,247,1,1,0.37707,2,8,662,177229.63,5693.45,Rent,Debt consolidation,101,Verified,Female,50-59,0,out_of_time,0.2568281331410616,568,F,DECLINE_RECOMMENDATION,0.45,122314.65,14136.229446886058,True
APP-0006708,2025-01-04,Partner,Mediterranean,Contract,90,62108.45,61576.39,12,102000.93,14806.15,0.32101,168,0,0,0.73335,0,3,654,313549.32,25966.63,Rent,Home improvement,49,Unverified,Male,40-49,0,out_of_time,0.2635291114995867,566,F,DECLINE_RECOMMENDATION,0.45,61576.39,7302.227105723416,True
APP-0006850,2025-01-04,Web,Marmara,Salaried,91,48885.04,136130.47,48,88839.71,6304.15,0.18697,16,0,0,0.16576,0,4,719,23816.38,12611.64,Rent,Vehicle,7,Verified,Female,21-29,0,out_of_time,0.04336825800575913,715,B,APPROVE_RECOMMENDATION,0.45,136130.47,2656.683605432364,False
APP-0008187,2025-01-04,Mobile,Aegean,Public sector,59,105526.16,127310.47,48,103567.9,14124.65,0.15898,161,0,0,0.47818,3,6,671,259045.89,70507.72,Rent,Debt consolidation,64,Verified,Male,30-39,0,out_of_time,0.14619562450437776,619,D,REFER,0.45,127310.47,8375.505150418132,True
APP-0009417,2025-01-04,Web,Black Sea,Retired,94,13016.44,10000.0,24,12160.78,5407.57,0.44745,265,0,0,0.37497,0,4,699,3669.89,1750.82,Rent,Debt consolidation,9,Unverified,Female,40-49,0,out_of_time,0.10426938743319414,647,D,REFER,0.45,10000.0,469.2122434493736,True
APP-0010017,2025-01-04,Mobile,Marmara,Salaried,51,17711.08,11938.32,48,67070.12,2178.78,0.13706,287,0,0,0.49246,0,4,663,9157.97,1000.63,Owner,Education,41,Verified,Female,40-49,1,out_of_time,0.06282559093399732,686,C,APPROVE_RECOMMENDATION,0.45,11938.32,337.51440394162154,False
APP-0010235,2025-01-04,Branch,Marmara,Salaried,85,19814.16,10000.0,12,35442.41,1665.36,0.12611,148,1,1,0.58985,1,6,651,17150.74,23892.2,Owner,Debt consolidation,37,Verified,Female,30-39,0,out_of_time,0.21512387503889183,585,E,REFER,0.45,10000.0,968.0574376750133,True
APP-0010675,2025-01-04,Branch,Marmara,Salaried,96,21816.77,28396.04,60,42054.91,5053.47,0.25333,232,0,1,0.23776,2,4,683,10276.64,21620.93,Rent,Debt consolidation,12,Unverified,Male,40-49,0,out_of_time,0.11779743001441569,637,D,REFER,0.45,28396.04,1505.2412405639468,True
APP-0011212,2025-01-04,Web,Aegean,Salaried,240,38792.28,95725.9,12,190454.59,6367.37,0.36978,161,0,0,0.52157,2,3,637,41517.05,23517.6,Mortgage,Vehicle,43,Verified,Male,40-49,1,out_of_time,0.14435451129468704,620,D,REFER,0.45,95725.9,6218.309480734837,True
APP-0011296,2025-01-04,Branch,Central Anatolia,Self-employed,127,99636.55,117137.32,36,470898.11,25619.08,0.28978,82,0,1,0.15575,1,6,652,72808.59,76835.97,Mortgage,Home improvement,42,Verified,Female,21-29,0,out_of_time,0.09296518195530139,656,C,APPROVE_RECOMMENDATION,0.45,117137.32,4900.3615204003645,False
APP-0013774,2025-01-04,Web,Mediterranean,Salaried,87,43118.09,20162.34,36,53652.55,15681.56,0.37668,331,0,0,0.43118,1,6,682,380639.05,32254.16,Rent,Vehicle,12,Verified,Male,50-59,0,out_of_time,0.08268477228491826,665,C,APPROVE_RECOMMENDATION,0.45,20162.34,750.2033212339945,False
APP-0016711,2025-01-04,Mobile,Marmara,Salaried,124,19619.29,25376.02,24,134616.61,6132.09,0.36645,20,0,1,0.32688,1,8,652,22697.36,4496.22,Mortgage,Other,51,Verified,Female,21-29,0,out_of_time,0.16866104940211588,607,E,REFER,0.45,25376.02,1925.9757732820863,True
APP-0016988,2025-01-04,Mobile,Marmara,Salaried,22,32229.21,92222.05,24,101483.24,2917.31,0.20974,101,0,0,0.20162,0,4,650,1874.12,3307.74,Family,Home improvement,26,Verified,Female,30-39,0,out_of_time,0.072858799157552,675,C,APPROVE_RECOMMENDATION,0.45,92222.05,3023.634518481473,False
APP-0018373,2025-01-04,Web,Mediterranean,Salaried,48,30510.73,52970.45,24,87693.25,3904.5,0.20031,75,1,1,0.49057,1,4,694,16296.35,10465.95,Rent,Debt consolidation,48,Verified,Male,21-29,1,out_of_time,0.17467744390516254,604,E,REFER,0.45,52970.45,4163.734263827798,True
APP-0018896,2025-01-04,Web,Marmara,Salaried,41,30429.13,41483.24,48,44731.46,3034.39,0.12812,209,0,1,0.1752,0,8,702,28656.58,22075.42,Owner,Home improvement,22,Unverified,Female,40-49,0,out_of_time,0.05168240169720447,701,B,APPROVE_RECOMMENDATION,0.45,41483.24,964.7790630216932,False
APP-0020118,2025-01-04,Partner,Marmara,Contract,85,54668.23,53130.61,60,187548.02,16745.18,0.3225,152,0,0,0.41802,2,6,628,39075.28,11788.89,Owner,Debt consolidation,15,Verified,Female,30-39,1,out_of_time,0.29934658689644533,553,F,DECLINE_RECOMMENDATION,0.45,53130.61,7157.010043451767,True
APP-0022480,2025-01-04,Branch,Mediterranean,Contract,142,24384.26,12501.07,36,19310.06,8448.98,0.36073,288,0,0,0.39115,1,2,752,37743.97,1784.43,Owner,Vehicle,11,Verified,Male,40-49,0,out_of_time,0.05917129699150243,691,B,APPROVE_RECOMMENDATION,0.45,12501.07,332.86703655670254,False
APP-0023534,2025-01-04,Branch,Mediterranean,Salaried,49,56986.06,62487.86,36,138689.2,16843.22,0.32603,196,0,0,0.49625,0,5,670,110939.56,29526.33,Mortgage,Medical,54,Verified,Female,40-49,0,out_of_time,0.11571407371574577,638,D,REFER,0.45,62487.86,3253.826177270641,True
APP-0024916,2025-01-04,Web,Marmara,Public sector,89,90350.4,48801.7,18,227021.17,55126.66,0.64015,14,1,2,0.24465,2,7,683,126554.29,85678.15,Rent,Debt consolidation,35,Verified,Male,21-29,0,out_of_time,0.34968406113636735,536,F,DECLINE_RECOMMENDATION,0.45,48801.7,7679.329490861396,True
APP-0029212,2025-01-04,Partner,Central Anatolia,Self-employed,158,42482.96,101010.79,36,301254.19,11227.26,0.33032,212,0,0,0.21433,1,5,759,21502.38,88792.76,Owner,Education,41,Verified,Male,40-49,0,out_of_time,0.03606944540005795,729,B,APPROVE_RECOMMENDATION,0.45,101010.79,1639.531428624774,False
APP-0030491,2025-01-04,Branch,Aegean,Salaried,63,33080.49,21495.17,48,283845.41,4562.46,0.15146,162,0,1,0.1401,1,6,677,55132.06,13739.59,Rent,Vehicle,7,Verified,Female,30-39,0,out_of_time,0.06493295785135755,684,C,APPROVE_RECOMMENDATION,0.45,21495.17,628.0852354279943,False
APP-0031075,2025-01-04,Mobile,Marmara,Salaried,83,60236.62,145411.53,60,46030.63,12830.33,0.25323,104,0,1,0.40947,2,8,641,54408.65,7263.88,Rent,Debt consolidation,50,Verified,Female,30-39,0,out_of_time,0.1976502734179845,593,E,REFER,0.45,145411.53,12933.282898182355,True
APP-0031525,2025-01-04,Mobile,Central Anatolia,Self-employed,27,23546.84,21380.01,24,167002.34,546.56,0.06104,100,0,0,0.42363,0,6,717,10457.43,5659.01,Family,Other,12,Unverified,Female,30-39,0,out_of_time,0.06685484090438834,682,C,APPROVE_RECOMMENDATION,0.45,21380.01,643.2107251879042,False
APP-0032173,2025-01-04,Mobile,Black Sea,Salaried,91,12000.0,10000.0,48,34757.38,1234.0,0.12019,96,0,0,0.28832,2,1,663,5098.33,5452.97,Mortgage,Home improvement,10,Verified,Male,21-29,0,out_of_time,0.06861416411411611,680,C,APPROVE_RECOMMENDATION,0.45,10000.0,308.7637385135225,False
APP-0032601,2025-01-04,Branch,Central Anatolia,Salaried,52,52051.67,10000.0,48,395691.57,31306.28,0.60545,426,0,0,0.10406,1,4,706,25979.39,3035.67,Family,Other,20,Unverified,Female,50-59,0,out_of_time,0.07491443247789265,673,C,APPROVE_RECOMMENDATION,0.45,10000.0,337.1149461505169,False
APP-0032988,2025-01-04,Branch,Marmara,Salaried,91,32654.72,80602.36,36,28445.1,12771.32,0.45967,34,0,0,0.31024,2,4,704,18470.67,12777.42,Rent,Debt consolidation,61,Verified,Male,21-29,1,out_of_time,0.13938333592054364,623,D,REFER,0.45,80602.36,5055.581618940866,True
APP-0033269,2025-01-04,Mobile,Marmara,Public sector,70,16778.92,10000.0,48,9759.44,3642.62,0.22951,94,0,1,0.1649,0,4,741,21528.86,30295.91,Mortgage,Other,15,Unverified,Male,30-39,0,out_of_time,0.057237336691289754,694,B,APPROVE_RECOMMENDATION,0.45,10000.0,257.5680151108039,False
APP-0035453,2025-01-04,Web,Marmara,Salaried,59,25301.43,31227.47,24,2727.46,5963.71,0.28713,300,1,3,0.55666,2,7,671,14887.53,7267.04,Owner,Debt consolidation,36,Verified,Male,40-49,1,out_of_time,0.27192185658532925,563,F,DECLINE_RECOMMENDATION,0.45,31227.47,3821.1442284882023,True
APP-0036826,2025-01-04,Branch,Marmara,Self-employed,26,41959.21,59122.59,24,167659.34,5985.08,0.20135,178,1,1,0.30383,1,5,677,240984.16,7199.24,Mortgage,Debt consolidation,72,Verified,Female,40-49,0,out_of_time,0.1544250896227,614,E,REFER,0.45,59122.59,4108.505066764265,True
APP-0036941,2025-01-04,Web,Mediterranean,Contract,194,92757.2,147447.44,60,400114.63,36544.2,0.42047,265,1,2,0.45938,0,8,604,123630.89,42615.2,Owner,Debt consolidation,19,Verified,Male,60-74,0,out_of_time,0.3844263101193904,525,F,DECLINE_RECOMMENDATION,0.45,147447.44,25507.203883087594,True
APP-0037370,2025-01-04,Web,Black Sea,Self-employed,90,119254.08,174365.63,48,554752.09,21568.23,0.21132,255,0,1,0.44215,3,7,682,212060.63,81232.35,Mortgage,Debt consolidation,100,Verified,Female,40-49,0,out_of_time,0.11750244224188801,637,D,REFER,0.45,174365.63,9219.774315620438,True
APP-0038305,2025-01-04,Web,Marmara,Salaried,86,55146.82,26421.1,48,158360.3,16365.22,0.30674,217,1,1,0.55105,1,5,689,26780.67,2565.0,Owner,Debt consolidation,68,Verified,Female,40-49,0,out_of_time,0.19151078263227422,595,E,REFER,0.45,26421.1,2276.966492552511,True
APP-0038310,2025-01-04,Mobile,Marmara,Public sector,52,32097.7,70909.05,24,44173.71,4302.05,0.22608,161,0,0,0.35187,4,2,687,8676.39,13761.27,Rent,Medical,20,Verified,Female,50-59,0,out_of_time,0.1052289904717217,646,D,REFER,0.45,70909.05,3357.759486063977,True
APP-0039854,2025-01-04,Mobile,Central Anatolia,Salaried,51,22312.12,19048.5,48,127057.71,5296.12,0.25515,291,0,0,0.17369,1,4,697,17430.56,9367.03,Mortgage,Medical,33,Verified,Female,40-49,0,out_of_time,0.0533186234841653,699,B,APPROVE_RECOMMENDATION,0.45,19048.5,457.0379097471552,False
APP-0039997,2025-01-04,Mobile,Aegean,Public sector,56,25376.33,30547.45,12,24049.16,17606.14,0.79412,160,0,0,0.40894,3,5,667,13687.81,13932.98,Owner,Education,52,Unverified,Male,30-39,1,out_of_time,0.31700518489760043,547,F,DECLINE_RECOMMENDATION,0.45,30547.45,4357.6650159300925,True
APP-0040033,2025-01-04,Mobile,Mediterranean,Public sector,72,69446.59,101721.44,24,104058.6,13379.41,0.25369,150,0,0,0.2246,0,2,678,38411.94,33942.36,Mortgage,Home improvement,31,Verified,Male,30-39,0,out_of_time,0.051884168507191276,701,B,APPROVE_RECOMMENDATION,0.45,101721.44,2374.9795501893664,False
APP-0041713,2025-01-04,Mobile,Aegean,Public sector,35,72372.81,217271.33,24,156290.24,17032.22,0.36043,55,1,2,0.68041,2,2,637,45138.08,52178.23,Mortgage,Education,15,Unverified,Male,21-29,0,out_of_time,0.4539731566501027,505,F,DECLINE_RECOMMENDATION,0.45,217271.33,44385.90818834977,True
APP-0042760,2025-01-04,Mobile,Marmara,Public sector,67,168035.27,306800.23,36,770105.06,69138.26,0.46217,174,1,1,0.1058,2,7,725,324713.38,23884.96,Rent,Debt consolidation,53,Verified,Male,40-49,0,out_of_time,0.1206932244928945,635,D,REFER,0.45,306800.23,16662.91906523775,True
APP-0046844,2025-01-04,Web,Marmara,Self-employed,108,39287.33,29533.44,24,166986.13,4990.61,0.15835,261,0,0,0.19022,0,6,694,81908.61,4460.75,Family,Vehicle,166,Verified,Male,40-49,0,out_of_time,0.0350142514018835,731,B,APPROVE_RECOMMENDATION,0.45,29533.44,465.341081815099,False
APP-0047685,2025-01-04,Web,Aegean,Salaried,43,28676.39,13288.42,36,29417.42,8705.25,0.31644,241,1,2,0.20613,3,5,642,3106.17,13306.77,Rent,Home improvement,112,Verified,Male,40-49,0,out_of_time,0.19999042404551132,592,E,REFER,0.45,13288.42,1195.900537812684,True
APP-0000216,2025-01-05,Mobile,Central Anatolia,Salaried,67,33446.15,94203.45,36,118826.02,4396.86,0.2097,323,0,1,0.23084,2,3,698,17740.0,12351.53,Owner,Medical,50,Verified,Female,40-49,0,out_of_time,0.062904237621025,686,C,APPROVE_RECOMMENDATION,0.45,94203.45,2666.608291584156,False
APP-0000412,2025-01-05,Mobile,Central Anatolia,Retired,122,12000.0,10000.0,12,46042.65,3651.74,0.37376,182,1,2,0.4433,1,2,645,8801.79,33268.46,Mortgage,Home improvement,11,Verified,Female,40-49,0,out_of_time,0.22265330233484293,582,F,DECLINE_RECOMMENDATION,0.45,10000.0,1001.9398605067933,True
APP-0003188,2025-01-05,Web,Black Sea,Salaried,140,48587.85,43306.39,48,32025.39,5627.39,0.13439,327,0,0,0.76488,1,5,675,10182.43,12453.43,Rent,Other,40,Verified,Female,50-59,0,out_of_time,0.07473917114784288,673,C,APPROVE_RECOMMENDATION,0.45,43306.39,1456.5076623023542,False
APP-0004076,2025-01-05,Mobile,Marmara,Self-employed,123,56901.63,63116.89,24,186313.79,32340.53,0.61458,400,0,1,0.26066,3,4,712,37328.57,9536.95,Mortgage,Home improvement,89,Verified,Male,60-74,0,out_of_time,0.08316628929744461,665,C,APPROVE_RECOMMENDATION,0.45,63116.89,2362.1388899827452,False
APP-0006216,2025-01-05,Partner,Central Anatolia,Salaried,48,45082.67,40974.05,36,92165.33,3273.93,0.09787,231,0,3,0.79398,1,1,656,15010.07,37580.81,Family,Vehicle,28,Unverified,Male,30-39,1,out_of_time,0.25193244044944535,570,F,DECLINE_RECOMMENDATION,0.45,40974.05,4645.211585218919,True
APP-0012574,2025-01-05,Mobile,Mediterranean,Salaried,48,44685.98,53117.77,48,65400.34,1071.87,0.04875,220,2,2,0.53603,0,11,655,4463.63,12997.03,Family,Vehicle,20,Verified,Male,40-49,0,out_of_time,0.2209282461664993,582,F,DECLINE_RECOMMENDATION,0.45,53117.77,5280.847094868971,True
APP-0014829,2025-01-05,Branch,Aegean,Salaried,61,46351.58,31150.65,48,138304.69,13690.42,0.30936,82,0,0,0.24347,5,7,683,112718.48,10625.26,Mortgage,Debt consolidation,36,Verified,Male,21-29,0,out_of_time,0.17941693524205513,601,E,REFER,0.45,31150.65,2515.029369209066,True
APP-0018627,2025-01-05,Branch,Aegean,Salaried,92,30790.41,196902.93,24,105306.38,16640.85,0.80691,376,1,1,0.13027,2,4,740,15611.11,3167.5,Rent,Vehicle,45,Verified,Female,50-59,0,out_of_time,0.11893773851709286,636,D,REFER,0.45,196902.93,10538.635140715247,True
APP-0019330,2025-01-05,Partner,Marmara,Salaried,42,47000.9,45498.83,36,175364.21,12266.7,0.28788,172,2,2,0.65979,0,2,636,22378.87,18652.78,Rent,Other,14,Verified,Female,40-49,0,out_of_time,0.42026742401813916,515,F,DECLINE_RECOMMENDATION,0.45,45498.83,8604.754235972654,True
APP-0019444,2025-01-05,Mobile,Black Sea,Contract,63,33565.1,17607.57,24,72223.88,5594.01,0.18852,125,1,1,0.37982,0,4,692,11213.98,75951.58,Family,Home improvement,48,Unverified,Male,40-49,0,out_of_time,0.17691402992031036,602,E,REFER,0.45,17607.57,1401.7617746117814,True
APP-0021408,2025-01-05,Mobile,Marmara,Salaried,117,68269.76,167261.27,48,126940.32,25471.12,0.42414,172,2,2,0.61975,1,12,640,125985.51,42948.79,Mortgage,Debt consolidation,6,Unverified,Male,40-49,0,out_of_time,0.5625322071757767,473,F,DECLINE_RECOMMENDATION,0.45,167261.27,42340.43312465558,True
APP-0021568,2025-01-05,Web,Marmara,Public sector,117,35886.66,32964.17,36,156568.9,8576.92,0.26452,351,0,0,0.20385,0,8,733,35845.74,23850.59,Rent,Education,31,Unverified,Male,50-59,0,out_of_time,0.02885008947542774,745,A,APPROVE_RECOMMENDATION,0.45,32964.17,427.95866429244484,False
APP-0022411,2025-01-05,Web,Aegean,Contract,86,44207.75,22140.11,48,137181.38,11652.32,0.27401,90,0,1,0.68279,2,6,633,9607.37,4703.25,Mortgage,Debt consolidation,28,Verified,Male,30-39,0,out_of_time,0.3741009748607935,529,F,DECLINE_RECOMMENDATION,0.45,22140.11,3727.186530536342,True
APP-0022914,2025-01-05,Branch,Aegean,Contract,48,23024.16,41576.43,60,67544.98,9434.24,0.43985,122,0,0,0.49104,2,4,676,42172.89,19914.04,Rent,Other,83,Verified,Male,30-39,0,out_of_time,0.23014565861203953,579,F,DECLINE_RECOMMENDATION,0.45,41576.43,4305.885689289312,True
APP-0025093,2025-01-05,Branch,Central Anatolia,Salaried,66,39918.5,34487.46,18,40717.42,3734.95,0.14156,241,0,0,0.53732,1,6,701,87722.86,13495.89,Owner,Medical,29,Verified,Male,50-59,0,out_of_time,0.07299978774178041,675,C,APPROVE_RECOMMENDATION,0.45,34487.46,1132.909766888914,False
APP-0026391,2025-01-05,Web,Marmara,Salaried,71,74827.31,73402.57,60,231694.13,6768.53,0.1068,144,0,1,0.36669,0,9,667,43958.55,28846.14,Mortgage,Other,43,Verified,Female,30-39,0,out_of_time,0.08358119788045575,664,C,APPROVE_RECOMMENDATION,0.45,73402.57,2760.7836276468024,False
APP-0027246,2025-01-05,Branch,Marmara,Self-employed,126,121611.47,135242.58,60,285205.12,33200.7,0.29154,157,0,0,0.18136,2,8,712,238054.98,12940.69,Mortgage,Home improvement,13,Verified,Female,50-59,0,out_of_time,0.05686583035047998,694,B,APPROVE_RECOMMENDATION,0.45,135242.58,3460.8067246985474,False
APP-0027591,2025-01-05,Branch,Mediterranean,Public sector,7,30963.09,61647.85,24,40325.77,4599.27,0.2315,104,0,0,0.2339,1,3,631,23941.5,8923.03,Rent,Home improvement,73,Verified,Male,30-39,0,out_of_time,0.08801208785018773,660,C,APPROVE_RECOMMENDATION,0.45,61647.85,2441.5901954888377,False
APP-0028761,2025-01-05,Mobile,Aegean,Salaried,52,30261.54,29896.61,36,81227.45,1687.73,0.08321,164,0,0,0.26626,1,9,701,17080.55,8885.11,Mortgage,Debt consolidation,5,Verified,Female,30-39,0,out_of_time,0.06383359358384233,685,C,APPROVE_RECOMMENDATION,0.45,29896.61,858.7836235235865,False
APP-0029323,2025-01-05,Mobile,Central Anatolia,Salaried,90,81056.17,73993.4,12,343248.97,23881.11,0.3707,505,0,0,0.57676,1,12,759,24302.12,24441.36,Owner,Home improvement,22,Verified,Female,60-74,0,out_of_time,0.03451754368542716,732,B,APPROVE_RECOMMENDATION,0.45,73993.4,1149.3316876199785,False
APP-0032303,2025-01-05,Mobile,Central Anatolia,Self-employed,99,25579.82,49269.23,36,31465.41,15043.7,0.64161,346,0,1,0.47642,1,4,674,20528.47,5741.78,Rent,Home improvement,36,Verified,Female,50-59,0,out_of_time,0.13373464316933342,626,D,REFER,0.45,49269.23,2965.051301975018,True
APP-0034261,2025-01-05,Web,Aegean,Salaried,39,44550.44,44170.23,24,4765.3,1260.06,0.06959,81,0,0,0.5292,2,2,678,6768.62,5095.91,Family,Debt consolidation,49,Verified,Female,21-29,1,out_of_time,0.1252432463671392,632,D,REFER,0.45,44170.23,2489.4103490924417,True
APP-0034334,2025-01-05,Mobile,Central Anatolia,Self-employed,81,66812.52,24251.64,36,554637.91,24058.74,0.37018,102,0,1,0.66549,3,3,582,75100.46,46355.08,Rent,Education,26,Verified,Male,30-39,0,out_of_time,0.35929758955499513,533,F,DECLINE_RECOMMENDATION,0.45,24251.64,3921.100107639976,True
APP-0034677,2025-01-05,Branch,Mediterranean,Salaried,106,26631.38,14827.31,18,82557.88,1648.22,0.09282,226,2,2,0.43452,0,3,702,25672.23,29442.82,Rent,Debt consolidation,3,Verified,Female,50-59,0,out_of_time,0.15012287661373389,617,E,REFER,0.45,14827.31,1001.6632933396121,True
APP-0034939,2025-01-05,Mobile,Aegean,Public sector,78,47450.71,77629.86,18,89251.98,12564.73,0.35568,135,0,0,0.61366,1,4,626,42951.15,1900.26,Rent,Vehicle,19,Verified,Female,30-39,0,out_of_time,0.18605421480794382,598,E,REFER,0.45,77629.86,6499.513191577772,True
APP-0035613,2025-01-05,Mobile,Marmara,Retired,149,20541.18,47162.93,18,19529.47,5133.2,0.37745,59,0,0,0.42328,1,2,649,25983.34,7027.13,Mortgage,Home improvement,46,Verified,Male,30-39,0,out_of_time,0.13221177044307497,627,D,REFER,0.45,47162.93,2805.9725135622666,True
APP-0038675,2025-01-05,Mobile,Marmara,Salaried,48,35264.62,81768.48,36,101880.72,4426.07,0.18992,160,1,2,0.52081,1,12,659,54457.05,5712.32,Mortgage,Debt consolidation,66,Verified,Male,30-39,0,out_of_time,0.2534656798645708,569,F,DECLINE_RECOMMENDATION,0.45,81768.48,9326.476518611653,True
APP-0042308,2025-01-05,Mobile,Marmara,Public sector,62,39894.11,53691.68,60,80516.21,19279.93,0.50571,227,1,1,0.31365,0,6,650,42546.95,17427.74,Family,Vehicle,22,Verified,Male,50-59,0,out_of_time,0.19304045189435187,595,E,REFER,0.45,53691.68,4664.099776575121,True
APP-0042515,2025-01-05,Branch,Central Anatolia,Public sector,59,52446.56,32515.76,48,55651.18,18437.93,0.36447,224,0,0,0.25482,0,6,718,49358.05,8289.86,Mortgage,Home improvement,39,Verified,Male,40-49,1,out_of_time,0.04279606973755553,716,B,APPROVE_RECOMMENDATION,0.45,32515.76,626.1960296383284,False
APP-0043090,2025-01-05,Web,Marmara,Self-employed,63,58867.77,64339.47,48,178996.58,12244.14,0.23076,331,0,0,0.15702,1,5,747,25082.61,21015.69,Owner,Home improvement,11,Verified,Female,50-59,0,out_of_time,0.023685789103193147,760,A,APPROVE_RECOMMENDATION,0.45,64339.47,685.7690028440502,False
APP-0047641,2025-01-05,Web,Mediterranean,Salaried,92,19952.62,34310.15,24,36585.67,717.58,0.10761,367,0,0,0.26797,0,2,699,49926.16,1050.51,Rent,Debt consolidation,59,Verified,Male,50-59,0,out_of_time,0.032100465667247634,737,B,APPROVE_RECOMMENDATION,0.45,34310.15,495.61730645090245,False
APP-0000058,2025-01-06,Mobile,Marmara,Self-employed,54,69388.68,228958.66,24,97516.52,10080.4,0.28276,182,0,0,0.30266,1,8,699,106944.52,49229.42,Mortgage,Home improvement,48,Verified,Male,40-49,0,out_of_time,0.06036382854273748,690,C,APPROVE_RECOMMENDATION,0.45,228958.66,6219.369583026717,False
APP-0001185,2025-01-06,Web,Mediterranean,Self-employed,69,86742.55,106767.92,36,182694.3,24370.5,0.31514,250,0,0,0.31419,1,7,732,22322.7,14299.31,Owner,Home improvement,67,Unverified,Female,50-59,0,out_of_time,0.05631268313016972,695,B,APPROVE_RECOMMENDATION,0.45,106767.92,2705.5746213422894,False
APP-0001791,2025-01-06,Web,Aegean,Contract,219,28616.85,18124.11,12,48620.92,6395.95,0.27628,37,0,1,0.88466,2,6,627,19747.35,99322.62,Rent,Home improvement,36,Verified,Male,30-39,0,out_of_time,0.3429107115593157,538,F,DECLINE_RECOMMENDATION,0.45,18124.11,2796.7281554156893,True
APP-0002330,2025-01-06,Branch,Marmara,Salaried,46,27257.62,20589.32,36,97440.55,4635.58,0.19105,81,0,0,0.199,1,1,712,29758.96,2187.12,Mortgage,Debt consolidation,27,Verified,Female,30-39,0,out_of_time,0.06519980515868556,684,C,APPROVE_RECOMMENDATION,0.45,20589.32,604.0888435574225,False
APP-0004004,2025-01-06,Partner,Mediterranean,Self-employed,32,48341.04,10000.0,36,103142.87,6392.18,0.13798,298,2,2,0.6715,0,6,666,17324.84,10866.1,Family,Other,4,Verified,Female,40-49,0,out_of_time,0.27817403199037644,560,F,DECLINE_RECOMMENDATION,0.45,10000.0,1251.783143956694,True
APP-0007560,2025-01-06,Mobile,Central Anatolia,Salaried,232,63178.09,68301.95,24,70019.16,851.65,0.05853,155,0,0,0.07528,1,7,714,26536.64,24556.79,Mortgage,Vehicle,46,Verified,Male,30-39,0,out_of_time,0.027266062054118065,749,A,APPROVE_RECOMMENDATION,0.45,68301.95,838.0463432027713,False
APP-0009053,2025-01-06,Branch,Central Anatolia,Salaried,24,52792.35,42490.93,24,118961.85,13232.06,0.28418,208,0,0,0.02514,0,4,740,51891.7,16696.13,Owner,Education,41,Verified,Female,40-49,0,out_of_time,0.02901503898057414,745,A,APPROVE_RECOMMENDATION,0.45,42490.93,554.7941956218813,False
APP-0009503,2025-01-06,Branch,Marmara,Self-employed,247,87193.8,84570.7,48,147204.51,17560.54,0.2216,198,0,0,0.82639,0,2,630,119022.45,33877.26,Rent,Education,24,Verified,Male,30-39,0,out_of_time,0.12807155275498602,630,D,REFER,0.45,84570.7,4873.995389959244,True
APP-0010205,2025-01-06,Web,Central Anatolia,Salaried,91,61002.66,156583.72,36,195928.71,7289.98,0.1908,232,0,0,0.1996,2,9,707,18557.3,32129.4,Owner,Vehicle,6,Verified,Male,40-49,0,out_of_time,0.04493313613116915,712,B,APPROVE_RECOMMENDATION,0.45,156583.72,3166.108923008193,False
APP-0010210,2025-01-06,Web,Aegean,Self-employed,60,48548.91,36104.46,24,304536.87,8363.51,0.20326,237,1,1,0.5998,1,7,651,87970.48,3928.75,Owner,Debt consolidation,101,Verified,Male,40-49,0,out_of_time,0.22889621353901607,579,F,DECLINE_RECOMMENDATION,0.45,36104.46,3718.878383641889,True
APP-0010381,2025-01-06,Mobile,Central Anatolia,Salaried,177,33532.52,73731.33,36,125906.51,4278.59,0.18867,257,0,0,0.3728,2,4,662,501380.88,27371.96,Family,Home improvement,19,Verified,Female,40-49,0,out_of_time,0.07001102178908712,678,C,APPROVE_RECOMMENDATION,0.45,73731.33,2322.9025880257677,False
APP-0011044,2025-01-06,Web,Black Sea,Public sector,54,28245.32,31664.6,12,104660.43,19015.79,0.76666,294,0,0,0.47127,0,4,689,31652.34,12481.51,Rent,Vehicle,25,Verified,Female,40-49,0,out_of_time,0.11932805022680931,636,D,REFER,0.45,31664.6,1700.3137406453218,True
APP-0014988,2025-01-06,Mobile,Central Anatolia,Salaried,55,79995.87,98636.24,48,175126.21,25151.42,0.3401,89,0,0,0.15477,1,5,681,218602.23,15663.41,Rent,Debt consolidation,59,Verified,Male,30-39,0,out_of_time,0.10820579183482702,644,D,REFER,0.45,98636.24,4802.855603764518,True
APP-0018494,2025-01-06,Web,Mediterranean,Retired,65,39708.52,93958.86,24,184425.04,6213.82,0.25508,160,1,2,0.48679,2,6,633,8914.5,26114.62,Rent,Vehicle,17,Verified,Female,30-39,0,out_of_time,0.26331406840261923,566,F,DECLINE_RECOMMENDATION,0.45,93958.86,11133.310360082456,True
APP-0019418,2025-01-06,Mobile,Mediterranean,Public sector,32,47339.38,35464.25,60,48156.3,15733.81,0.34485,62,0,3,0.25016,1,5,710,50744.73,25906.27,Family,Debt consolidation,28,Verified,Male,30-39,0,out_of_time,0.15744682814779126,612,E,REFER,0.45,35464.25,2512.680153813138,True
APP-0020508,2025-01-06,Branch,Black Sea,Contract,71,61494.28,17258.48,12,225872.6,13982.07,0.25076,183,0,2,0.66568,1,10,636,43597.08,30796.69,Mortgage,Home improvement,16,Verified,Male,40-49,1,out_of_time,0.24576046833794932,572,F,DECLINE_RECOMMENDATION,0.45,17258.48,1908.653457420509,True
APP-0021197,2025-01-06,Branch,Aegean,Salaried,174,50388.98,82539.39,60,103084.33,14510.28,0.31527,202,0,0,0.50219,1,3,647,79457.02,27199.55,Rent,Other,70,Verified,Male,40-49,0,out_of_time,0.12065829292744375,635,D,REFER,0.45,82539.39,4481.577853502635,True
APP-0025651,2025-01-06,Branch,Marmara,Salaried,72,49819.24,29747.54,36,208414.9,22963.69,0.47753,140,0,0,0.16841,0,3,735,22356.73,7265.72,Rent,Home improvement,64,Verified,Male,30-39,0,out_of_time,0.0478580706237082,707,B,APPROVE_RECOMMENDATION,0.45,29747.54,640.6469415907131,False
APP-0026321,2025-01-06,Mobile,Central Anatolia,Salaried,17,22834.21,29189.3,24,16583.96,11262.2,0.54648,24,0,0,0.57607,2,3,696,5228.37,7410.29,Rent,Other,6,Verified,Female,21-29,1,out_of_time,0.2192909042679193,583,E,REFER,0.45,29189.3,2880.4265963764096,True
APP-0026563,2025-01-06,Web,Aegean,Salaried,71,72961.32,19127.77,48,212336.08,8374.17,0.12024,185,0,2,0.22028,1,5,707,53235.4,27013.95,Mortgage,Debt consolidation,3,Verified,Female,50-59,0,out_of_time,0.08091430848187244,667,C,APPROVE_RECOMMENDATION,0.45,19127.77,696.4696270576374,False
APP-0031647,2025-01-06,Web,Black Sea,Salaried,76,32116.51,10839.78,24,84006.79,5005.36,0.16991,93,0,0,0.3076,3,4,646,105959.16,18574.13,Mortgage,Debt consolidation,19,Verified,Female,30-39,0,out_of_time,0.1364657601179353,625,D,REFER,0.45,10839.78,665.6664677450367,True
APP-0032080,2025-01-06,Mobile,Mediterranean,Salaried,121,49792.0,17734.83,18,202748.54,8442.72,0.18935,352,0,0,0.41871,2,8,709,25587.14,6791.21,Rent,Debt consolidation,9,Verified,Male,50-59,0,out_of_time,0.05872158838502692,692,B,APPROVE_RECOMMENDATION,0.45,17734.83,468.63782430229213,False
APP-0034128,2025-01-06,Branch,Aegean,Self-employed,53,55949.87,303285.34,24,246422.5,10123.99,0.40681,238,0,0,0.27368,0,10,728,37287.18,77798.88,Mortgage,Debt consolidation,55,Verified,Male,50-59,0,out_of_time,0.059939704617961394,690,B,APPROVE_RECOMMENDATION,0.45,303285.34,8180.475162551097,False
APP-0039837,2025-01-06,Branch,Mediterranean,Public sector,83,40146.76,10917.11,18,40479.37,18436.07,0.47432,119,0,1,0.3651,3,3,678,72190.35,12605.85,Rent,Other,39,Verified,Male,60-74,0,out_of_time,0.16855649132857284,607,E,REFER,0.45,10917.11,828.0673906716341,True
APP-0041024,2025-01-06,Mobile,Central Anatolia,Salaried,38,57700.08,40370.2,36,213163.46,19808.16,0.36273,249,0,0,0.41444,2,4,739,38495.67,4797.2,Mortgage,Other,103,Unverified,Female,40-49,0,out_of_time,0.08862740916391536,660,C,APPROVE_RECOMMENDATION,0.45,40370.2,1610.057805043093,False
APP-0042186,2025-01-06,Web,Black Sea,Salaried,29,40784.28,27102.95,24,42054.78,3737.12,0.11932,53,0,0,0.55719,2,7,642,19800.78,3742.01,Mortgage,Other,31,Verified,Male,30-39,0,out_of_time,0.1502756544092967,616,E,REFER,0.45,27102.95,1832.8110964526015,True
APP-0043718,2025-01-06,Partner,Mediterranean,Retired,89,19883.71,10278.09,36,12516.55,1983.72,0.11412,227,1,1,0.14948,2,3,654,8107.03,15440.16,Owner,Debt consolidation,60,Verified,Female,40-49,0,out_of_time,0.14937587857685156,617,D,REFER,0.45,10278.09,690.8844257288786,True
APP-0046924,2025-01-06,Partner,Black Sea,Salaried,92,23889.23,15813.28,36,148273.27,13145.29,0.56865,385,0,1,0.65283,3,3,715,5400.25,10542.98,Family,Vehicle,66,Unverified,Male,50-59,0,out_of_time,0.19485360906215043,594,E,REFER,0.45,15813.28,1386.5736055996451,True
APP-0047497,2025-01-06,Web,Marmara,Salaried,18,31222.19,15344.14,24,109985.86,8446.73,0.29101,128,0,1,0.75402,1,5,651,9927.16,10178.54,Rent,Other,48,Verified,Male,30-39,1,out_of_time,0.21112561983922976,587,E,REFER,0.45,15344.14,1457.7934807799634,True
APP-0002336,2025-01-07,Branch,Aegean,Salaried,153,45630.58,61464.34,24,102919.89,3690.46,0.137,342,0,0,0.0299,1,6,723,161714.39,26345.21,Owner,Debt consolidation,40,Verified,Female,50-59,0,out_of_time,0.028110621638488646,747,A,APPROVE_RECOMMENDATION,0.45,61464.34,777.5103626997404,False
APP-0003802,2025-01-07,Mobile,Black Sea,Self-employed,91,38999.17,35930.7,12,262684.48,14932.57,0.45967,170,0,2,0.63727,0,5,670,236264.46,5760.63,Rent,Education,51,Unverified,Male,30-39,0,out_of_time,0.2231329640149947,581,F,DECLINE_RECOMMENDATION,0.45,35930.7,3607.7956155601064,True
APP-0006896,2025-01-07,Branch,Marmara,Salaried,66,45979.04,35046.57,36,136510.55,6859.63,0.17036,19,0,0,0.65476,0,6,683,22848.32,33040.03,Owner,Other,3,Verified,Male,21-29,1,out_of_time,0.1199469456111802,635,D,REFER,0.45,35046.57,1891.678061541789,True
APP-0013453,2025-01-07,Mobile,Marmara,Salaried,44,44751.57,49221.92,24,65219.79,13265.92,0.34226,121,0,0,0.23338,1,4,705,255678.58,17877.25,Rent,Medical,63,Verified,Female,30-39,0,out_of_time,0.09033249502897633,658,C,APPROVE_RECOMMENDATION,0.45,49221.92,2000.8524796725019,False
APP-0013627,2025-01-07,Mobile,Aegean,Public sector,25,23809.58,35324.0,24,107726.01,4449.0,0.24867,128,0,2,0.38397,0,2,650,13072.95,12191.14,Rent,Debt consolidation,72,Unverified,Male,30-39,1,out_of_time,0.1985969964704829,592,E,REFER,0.45,35324.0,3156.858136495502,True
APP-0014068,2025-01-07,Mobile,Marmara,Self-employed,60,82691.43,29077.39,24,210807.67,20594.78,0.26371,155,0,1,0.35678,1,8,680,193371.35,97944.98,Owner,Vehicle,12,Unverified,Female,50-59,0,out_of_time,0.1475751313148128,618,D,REFER,0.45,29077.39,1930.9948413939114,True
APP-0016268,2025-01-07,Mobile,Aegean,Salaried,48,31746.02,13865.73,48,44566.19,4585.16,0.15353,187,0,0,0.34135,0,8,771,4751.66,6535.08,Owner,Vehicle,15,Unverified,Male,40-49,0,out_of_time,0.04235314012314205,716,B,APPROVE_RECOMMENDATION,0.45,13865.73,264.2657425198445,False
APP-0016842,2025-01-07,Web,Central Anatolia,Public sector,22,57632.49,108500.64,60,151544.24,6568.94,0.14536,63,0,1,0.45905,1,2,680,101070.34,18859.54,Owner,Other,2,Unverified,Female,30-39,0,out_of_time,0.13341324123685183,626,D,REFER,0.45,108500.64,6513.939926402767,True
APP-0018104,2025-01-07,Branch,Central Anatolia,Salaried,68,37940.56,22714.0,12,98044.13,8542.74,0.27505,45,0,0,0.40234,0,4,709,34579.75,101126.51,Owner,Vehicle,19,Verified,Female,21-29,0,out_of_time,0.07762068286718168,670,C,APPROVE_RECOMMENDATION,0.45,22714.0,793.3842857903243,False
APP-0019269,2025-01-07,Branch,Black Sea,Salaried,74,19410.5,31883.26,48,31694.25,2578.26,0.16705,226,1,1,0.50142,1,5,717,29555.54,4180.21,Owner,Vehicle,56,Verified,Male,50-59,1,out_of_time,0.09090937116004207,658,C,APPROVE_RECOMMENDATION,0.45,31883.26,1304.3192027094553,False
APP-0019671,2025-01-07,Mobile,Marmara,Self-employed,31,51386.33,112031.12,18,250002.27,7070.94,0.25872,158,0,2,0.40561,1,10,655,64497.29,17688.2,Rent,Vehicle,32,Unverified,Male,30-39,0,out_of_time,0.18714467157253253,597,E,REFER,0.45,112031.12,9434.712221236341,True
APP-0021521,2025-01-07,Mobile,Marmara,Salaried,93,47397.07,65317.82,48,64912.45,14067.02,0.3255,375,0,0,0.57434,0,4,720,31656.31,23563.01,Mortgage,Vehicle,111,Verified,Male,60-74,0,out_of_time,0.05225733590293257,701,B,APPROVE_RECOMMENDATION,0.45,65317.82,1536.0008670842792,False
APP-0023946,2025-01-07,Web,Marmara,Public sector,114,53565.25,87344.57,36,52401.41,10221.26,0.23611,285,0,1,0.40615,3,5,667,65095.36,104707.17,Owner,Vehicle,30,Unverified,Male,50-59,0,out_of_time,0.12277551815227027,633,D,REFER,0.45,87344.57,4825.698677791759,True
APP-0024166,2025-01-07,Web,Marmara,Salaried,64,70162.05,16892.63,48,68363.81,19400.7,0.28153,333,2,2,0.21401,1,4,692,39390.4,67683.14,Mortgage,Debt consolidation,12,Verified,Female,40-49,0,out_of_time,0.1849569250327839,598,E,REFER,0.45,16892.63,1405.9840052324505,True
APP-0025283,2025-01-07,Web,Aegean,Salaried,112,20285.8,11159.93,36,58827.64,4551.96,0.23967,175,0,0,0.11982,1,2,741,141773.74,4717.02,Mortgage,Vehicle,48,Verified,Female,50-59,0,out_of_time,0.03464791530755514,732,B,APPROVE_RECOMMENDATION,0.45,11159.93,174.00073926520975,False
APP-0029006,2025-01-07,Branch,Central Anatolia,Salaried,94,37145.18,17192.84,24,71476.72,8356.13,0.24424,325,1,1,0.69187,0,5,647,16358.85,13177.94,Family,Education,37,Verified,Male,50-59,0,out_of_time,0.1605225643309586,611,E,REFER,0.45,17192.84,1241.9274442193453,True
APP-0029353,2025-01-07,Partner,Marmara,Public sector,79,36895.45,15326.94,24,69154.53,6319.94,0.1886,329,1,1,0.60538,2,3,653,51441.49,58360.31,Mortgage,Education,36,Verified,Male,50-59,0,out_of_time,0.1703717583563995,606,E,REFER,0.45,15326.94,1175.0749731103654,True
APP-0040109,2025-01-07,Mobile,Central Anatolia,Salaried,33,42189.2,73772.55,36,84378.7,21368.7,0.55507,167,0,0,0.48933,2,3,699,52130.36,14417.42,Rent,Education,34,Verified,Female,30-39,0,out_of_time,0.14176122281084683,621,D,REFER,0.45,73772.55,4706.139104043453,True
APP-0041464,2025-01-07,Partner,Marmara,Public sector,70,100631.87,264954.98,12,98069.13,27844.27,0.4961,89,1,2,0.16214,2,6,670,224080.75,31574.78,Rent,Home improvement,14,Verified,Female,30-39,0,out_of_time,0.23600509985361984,576,F,DECLINE_RECOMMENDATION,0.45,264954.98,28138.82693022623,True
APP-0041974,2025-01-07,Partner,Marmara,Salaried,127,49668.29,62466.42,24,418539.75,22744.9,0.51034,128,0,0,0.31961,4,4,699,20089.18,16711.19,Rent,Vehicle,26,Verified,Female,40-49,0,out_of_time,0.1490013977844904,617,D,REFER,0.45,62466.42,4188.412752566871,True
APP-0044072,2025-01-07,Branch,Marmara,Self-employed,66,59218.49,23820.06,24,149044.67,15556.95,0.27946,134,0,0,0.47542,1,7,760,95424.24,3076.39,Rent,Education,35,Verified,Female,40-49,0,out_of_time,0.053071958762033376,699,B,APPROVE_RECOMMENDATION,0.45,23820.06,568.8797589131224,False
APP-0044667,2025-01-07,Branch,Black Sea,Contract,68,55228.59,50665.21,36,56217.76,17732.05,0.34655,567,0,0,0.15393,0,3,757,30834.56,11933.46,Owner,Home improvement,52,Verified,Male,60-74,0,out_of_time,0.02091686251427935,769,A,APPROVE_RECOMMENDATION,0.45,50665.21,476.8907543221911,False
APP-0044736,2025-01-07,Branch,Mediterranean,Salaried,144,52149.56,25092.69,36,165600.46,8295.71,0.17244,231,0,1,0.66091,2,6,672,79849.64,1086.41,Rent,Home improvement,87,Verified,Female,40-49,0,out_of_time,0.1008642913125211,649,D,REFER,0.45,25092.69,1138.9303772886533,True
APP-0046858,2025-01-07,Branch,Aegean,Self-employed,61,27017.48,173761.28,24,86858.09,7182.86,0.53384,182,0,0,0.29696,0,4,723,21216.04,12688.47,Mortgage,Vehicle,28,Unverified,Male,30-39,0,out_of_time,0.09269834593581361,656,C,APPROVE_RECOMMENDATION,0.45,173761.28,7248.322459660397,False
APP-0004707,2025-01-08,Web,Marmara,Self-employed,40,31884.51,95067.94,36,27184.23,6331.26,0.28139,63,0,2,0.42608,2,10,643,12839.05,17571.3,Owner,Other,7,Verified,Female,21-29,0,out_of_time,0.2255112488179831,581,F,DECLINE_RECOMMENDATION,0.45,95067.94,9647.50044237889,True
APP-0005839,2025-01-08,Web,Central Anatolia,Retired,48,15715.48,25134.89,36,34673.09,1656.27,0.14982,43,1,1,0.39168,1,4,728,38194.15,7339.24,Owner,Education,55,Verified,Male,21-29,0,out_of_time,0.09964514608000424,650,C,APPROVE_RECOMMENDATION,0.45,25134.89,1127.056403589677,False
APP-0006961,2025-01-08,Web,Aegean,Contract,50,42775.05,36718.84,36,61461.21,14268.79,0.35742,183,0,0,0.79133,1,9,722,11399.7,10467.31,Rent,Vehicle,73,Verified,Female,30-39,1,out_of_time,0.16336819010645068,609,E,REFER,0.45,36718.84,2699.410695123755,True
APP-0007301,2025-01-08,Partner,Central Anatolia,Salaried,71,59489.96,50501.25,48,173502.39,9756.89,0.18169,381,0,1,0.32714,1,4,660,12729.72,60299.05,Owner,Education,35,Verified,Female,50-59,0,out_of_time,0.07382772856448913,674,C,APPROVE_RECOMMENDATION,0.45,50501.25,1677.7766597253333,False
APP-0008851,2025-01-08,Mobile,Marmara,Public sector,111,52621.59,74157.03,24,126187.39,8406.72,0.21848,418,1,1,0.23198,1,5,712,52748.67,5972.56,Family,Other,100,Verified,Female,50-59,0,out_of_time,0.053665215184829466,699,B,APPROVE_RECOMMENDATION,0.45,74157.03,1790.8438375880346,False
APP-0010989,2025-01-08,Mobile,Marmara,Self-employed,56,41463.39,21297.16,18,50229.02,17620.08,0.45349,67,0,0,0.45444,0,5,674,22962.3,20090.1,Rent,Vehicle,16,Verified,Male,21-29,0,out_of_time,0.14256333263720597,621,D,REFER,0.45,21297.16,1366.287347388509,True
APP-0011761,2025-01-08,Mobile,Central Anatolia,Contract,39,32450.91,48769.99,12,100554.93,7918.01,0.36924,38,0,1,0.24975,0,3,699,27627.49,18057.01,Owner,Education,27,Verified,Female,21-29,1,out_of_time,0.1329506013486911,627,D,REFER,0.45,48769.99,2917.799774221343,True
APP-0012217,2025-01-08,Branch,Mediterranean,Self-employed,85,12064.64,10000.0,24,69251.92,4583.42,0.41444,301,0,0,0.10018,3,2,666,13933.8,4457.64,Rent,Home improvement,43,Verified,Male,50-59,0,out_of_time,0.06949070498587473,679,C,APPROVE_RECOMMENDATION,0.45,10000.0,312.7081724364363,False
APP-0013053,2025-01-08,Branch,Central Anatolia,Self-employed,83,157625.74,97707.03,60,136826.03,24679.77,0.1669,215,0,1,0.5447,2,9,676,38622.8,59838.02,Family,Debt consolidation,40,Verified,Female,30-39,0,out_of_time,0.15871379626072765,612,E,REFER,0.45,97707.03,6978.354143697362,True
APP-0013802,2025-01-08,Mobile,Marmara,Salaried,25,39975.54,14754.96,36,99549.71,5151.08,0.13911,215,0,0,0.74174,4,6,575,32742.5,15831.73,Owner,Vehicle,22,Verified,Female,40-49,0,out_of_time,0.29589109415213166,554,F,DECLINE_RECOMMENDATION,0.45,14754.96,1964.6375663569215,True
APP-0014547,2025-01-08,Mobile,Aegean,Salaried,55,77707.2,135135.56,48,321701.98,22059.83,0.32011,215,1,1,0.29584,1,5,716,10753.02,58691.74,Rent,Debt consolidation,63,Verified,Female,40-49,0,out_of_time,0.12914777197129063,629,D,REFER,0.45,135135.56,7853.605419641698,True
APP-0015520,2025-01-08,Partner,Mediterranean,Public sector,9,42977.74,17664.11,24,146623.4,8719.61,0.22001,92,0,1,0.19622,0,11,689,86696.69,19841.53,Rent,Other,16,Verified,Male,21-29,0,out_of_time,0.08677973384891864,661,C,APPROVE_RECOMMENDATION,0.45,17664.11,689.7990440151101,False
APP-0024045,2025-01-08,Web,Mediterranean,Salaried,50,56836.98,26078.04,36,285830.52,18372.57,0.336,133,0,0,0.35186,3,9,742,40936.46,23571.37,Mortgage,Debt consolidation,4,Verified,Female,30-39,0,out_of_time,0.0940353409943218,655,C,APPROVE_RECOMMENDATION,0.45,26078.04,1103.5158227386037,False
APP-0026640,2025-01-08,Partner,Central Anatolia,Retired,91,66153.04,169433.74,60,59546.11,12500.16,0.23165,73,0,0,0.49908,0,7,655,36296.94,26530.04,Owner,Education,12,Verified,Male,30-39,0,out_of_time,0.12996601922790857,629,D,REFER,0.45,169433.74,9909.282919813408,True
APP-0026788,2025-01-08,Branch,Aegean,Salaried,114,33688.34,71984.15,18,100923.01,11188.38,0.45082,8,0,0,0.3919,2,4,689,17076.38,3373.13,Mortgage,Other,7,Verified,Female,21-29,0,out_of_time,0.15621097270890835,613,E,REFER,0.45,71984.15,5060.1213410057835,True
APP-0028032,2025-01-08,Web,Central Anatolia,Salaried,68,27146.65,37462.92,48,117266.05,5664.18,0.2374,108,0,0,0.38852,0,5,749,230208.4,54831.18,Rent,Other,28,Verified,Male,30-39,0,out_of_time,0.04790070322910514,707,B,APPROVE_RECOMMENDATION,0.45,37462.92,807.5250958570684,False
APP-0029426,2025-01-08,Mobile,Mediterranean,Salaried,121,74419.94,44697.77,36,23247.86,37439.94,0.51977,281,1,1,0.71988,0,4,644,61193.08,13236.34,Rent,Vehicle,27,Verified,Female,50-59,1,out_of_time,0.279337141991754,560,F,DECLINE_RECOMMENDATION,0.45,44697.77,5618.586296342143,True
